stop_id,stop_name,lat,lng,type
1,GATEM KUNDURACILAR SÄ°TESÄ°,36.9912,37.3031,Bus Stop
2,26 NOLU CADDE,37.0122,37.3361,Bus Stop
3,AKTEKS SPOR SALONU,37.0332,37.3691,Bus Stop
4,PASAJ ESNAF SÄ°TESÄ°,37.0542,37.4021,Bus Stop
5,HÄ°SAR YAPI SÄ°TESÄ°,37.0752,37.4351,Bus Stop
6,SERÄ°NEVLER SÄ°TESÄ°,37.0962,37.3181,Bus Stop
7,BURCU SÄ°TESÄ°,37.1172,37.3511,Bus Stop
8,19 NOLU CAD.,37.1382,37.3841,Bus Stop
9,ARI SÄ°TESÄ°,37.0092,37.4171,Bus Stop
10,SEçKİN EVLER,37.0302,37.4501,Bus Stop
11,TANIŞ YAPI KOOP.,37.0512,37.3331,Bus Stop
12,SEVÄ°MLÄ° CÄ°TY 1.,37.0722,37.3661,Bus Stop
13,M1. MERKEZ AVM.,37.0932,37.3991,Bus Stop
14,OTOGAR 1,37.1142,37.4321,Bus Stop
15,OTOGAR 2,37.1352,37.3151,Bus Stop
16,MERVEŞEHÄ°R 22 NOLU CADDE,37.0062,37.3481,Bus Stop
17,MERVEŞEHÄ°R SANTRALÄ°,37.0272,37.3811,Bus Stop
18,MERÄ°NOS MERVEŞEHÄ°R 50070 CAD.,37.0482,37.4141,Bus Stop
19,70 NOLU CAD.,37.0692,37.4471,Bus Stop
20,NAMIK KEMAL İ.Ö.OKULU,37.0902,37.3301,Bus Stop
21,ONAT KUTLAR SOSYAL TESÄ°SLERÄ° 1,37.1112,37.3631,Bus Stop
22,ONAT KUTLAR SOSYAL TESÄ°SLERÄ° 2,37.1322,37.3961,Bus Stop
23,ONAT KUTLAR SOSYAL TESÄ°SLERÄ° 3,37.0032,37.4291,Bus Stop
24,SELÄ°MÄ°YE MAHALLESÄ°,37.0242,37.3121,Bus Stop
25,80.YIL İLK ÖŞRETİM OKULU,37.0452,37.3451,Bus Stop
26,çETİN EMEç CADDESİ,37.0662,37.3781,Bus Stop
27,ŞEHÄ°TKAMÄ°L DEVLET HASTANESÄ°,37.0872,37.4111,Bus Stop
28,KAYAÖNÜ İTFAİYESİ,37.1082,37.4441,Bus Stop
29,ÖZ FATİH SÜRÜCÜ KURSU,37.1292,37.3271,Bus Stop
30,SANÄ° KONUKOÄŞLU BULVARI,37.0002,37.3601,Bus Stop
31,ADLÄ°YE SARAYI,37.0212,37.3931,Bus Stop
32,ULU MOBÄ°LYA TUGAY,37.0422,37.4261,Bus Stop
33,POLÄ°S OKULU LOJMANLARI,37.0632,37.3091,Bus Stop
34,GÜVENEVLER 26 NOLU CAD. 1,37.0842,37.3421,Bus Stop
35,GÜVENEVLER 26 NOLU CAD. 2,37.1052,37.3751,Bus Stop
36,GÜVENEVLER 26 NOLU CAD. 3,37.1262,37.4081,Bus Stop
37,ENKAYA Ä°NŞAAT,36.9972,37.4411,Bus Stop
38,RAYLI SÄ°STEMLER DEPO,37.0182,37.3241,Bus Stop
39,HUZUR APARTMANI,37.0392,37.3571,Bus Stop
40,ATATÜRK MAH. ALP APT,37.0602,37.3901,Bus Stop
41,VALÄ° KEMAL KALENDER CAD. 1,37.0812,37.4231,Bus Stop
42,SUN SÄ°TESÄ°,37.1022,37.3061,Bus Stop
43,VALÄ° KEMAL KALENDER CAD. 2,37.1232,37.3391,Bus Stop
44,MEMÄ°K ŞEKERCÄ° CAMÄ°Ä°,36.9942,37.3721,Bus Stop
45,NÄ°HAYET KONUTLARI,37.0152,37.4051,Bus Stop
46,MUHSÄ°N YAZICIOÄŞLU CADDESÄ°,37.0362,37.4381,Bus Stop
47,SENA SÄ°TESÄ°,37.0572,37.3211,Bus Stop
48,SAÄŞLAMCILAR CAMÄ°Ä°,37.0782,37.3541,Bus Stop
49,KÜRŞAD TÜZMEN BULVARI,37.0992,37.3871,Bus Stop
50,ABDULKADÄ°R AKSU BLV. KALELÄ° KONUTLARI,37.1202,37.4201,Bus Stop
51,ABDULKADÄ°R AKSU BLV. METRO AVM.,36.9912,37.3031,Bus Stop
52,MUSTAFA ERKENT çEŞMESİ,37.0122,37.3361,Bus Stop
53,MÄ°MOZA SÄ°TESÄ°,37.0332,37.3691,Bus Stop
54,OSMAN GAZÄ° MAH. 56062 NOLU CAD. 1,37.0542,37.4021,Bus Stop
55,PRÄ°MEMALL AVM. 2,37.0752,37.4351,Bus Stop
56,GÜLLÜOŞLU CAMİİ,37.0962,37.3181,Bus Stop
57,ÜNİVERSİTE BLV. TIP FAKÜLTESİ,37.1172,37.3511,Bus Stop
58,ADNAN MENDERES BLV.1,37.1382,37.3841,Bus Stop
59,ADNAN MENDERES BLV.2,37.0092,37.4171,Bus Stop
60,ADNAN MENDERES BLV.3,37.0302,37.4501,Bus Stop
61,DEFA LÄ°FE HASTANESÄ°,37.0512,37.3331,Bus Stop
62,KADOOÄ°L PETROL,37.0722,37.3661,Bus Stop
63,ADNAN MENDERES BLV.4,37.0932,37.3991,Bus Stop
64,404 NOLU CAD. 1,37.1142,37.4321,Bus Stop
65,404 NOLU CAD. 2,37.1352,37.3151,Bus Stop
66,404 NOLU CAD. 3,37.0062,37.3481,Bus Stop
67,400 NOLU CAD. 4,37.0272,37.3811,Bus Stop
68,400 NOLU CAD. 1,37.0482,37.4141,Bus Stop
69,400 NOLU CADDE 2,37.0692,37.4471,Bus Stop
70,400 NOLU CAD. 3,37.0902,37.3301,Bus Stop
71,10 NOLU CADDE,37.1112,37.3631,Bus Stop
72,404 NOLU CAD. 5,37.1322,37.3961,Bus Stop
73,404 NOLU CAD. 6,37.0032,37.4291,Bus Stop
74,404 NOLU CAD. 7,37.0242,37.3121,Bus Stop
75,SEMBOL MARKET,37.0452,37.3451,Bus Stop
76,ŞAHÄ°NTEPE MH. 133392 NOLU SK.,37.0662,37.3781,Bus Stop
77,ÖŞÜMSÖŞÜT SİTESİ,37.0872,37.4111,Bus Stop
78,ŞAHÄ°NTEPE MAH. 133390 NOLU CAD.,37.1082,37.4441,Bus Stop
79,DAYI AHMET AŞA İ.Ö.O,37.1292,37.3271,Bus Stop
80,KARATAŞ GASKÄ°,37.0002,37.3601,Bus Stop
81,TÜRK TELEKOM LİSESİ,37.0212,37.3931,Bus Stop
82,ŞAHÄ°NTEPE MAH. 133386 SK.,37.0422,37.4261,Bus Stop
83,ŞAHÄ°NTEPE MAH. 133390 SK.,37.0632,37.3091,Bus Stop
85,ŞAHÄ°NTEPE MAH. 133392 SK.,37.1052,37.3751,Bus Stop
86,ŞAHÄ°NTEPE MAH. 133397 SK.,37.1262,37.4081,Bus Stop
87,VÄ°ŞNE AVM.,36.9972,37.4411,Bus Stop
88,ADNAN MENDERES BLV.5,37.0182,37.3241,Bus Stop
89,ADNAN MENDERES BLV.6,37.0392,37.3571,Bus Stop
90,ADNAN MENDERES BLV.7,37.0602,37.3901,Bus Stop
91,ADNAN MENDERES BLV.8,37.0812,37.4231,Bus Stop
92,ADNAN MENDERES BLV.9,37.1022,37.3061,Bus Stop
93,ADNAN MENDERES BLV.GAZÜ,37.1232,37.3391,Bus Stop
97,PRÄ°MEMALL AVM.,37.0572,37.3211,Bus Stop
98,HUZUREVÄ° KAVŞAGI,37.0782,37.3541,Bus Stop
99,560062 NOLU CAD. çOCUK HST.,37.0992,37.3871,Bus Stop
100,ZAHÄ°DÄ°YE CAMÄ°Ä°,37.1202,37.4201,Bus Stop
108,MEMÄ°K ŞEKER CAMÄ°Ä°,37.1382,37.3841,Bus Stop
109,VALÄ° KEMAL KALENDER CADESÄ° 1,37.0092,37.4171,Bus Stop
111,VALÄ° KEMAL KALENDER CADDESÄ° 2,37.0512,37.3331,Bus Stop
112,POLAT SÄ°TESÄ°,37.0722,37.3661,Bus Stop
113,ŞÄ°RÄ°NEVLER,37.0932,37.3991,Bus Stop
115,GÜVENEVLER,37.1352,37.3151,Bus Stop
116,ÜçYILDIZ MARKET,37.0062,37.3481,Bus Stop
117,çAŞ MUTFAK,37.0272,37.3811,Bus Stop
122,FATÄ°H SULTAN MEHMET CAMÄ°Ä°,37.1322,37.3961,Bus Stop
123,82012 NOLU CAD.,37.0032,37.4291,Bus Stop
124,SELÄ°MÄ°YE MAH.YEŞÄ°L TOKÄ°LER,37.0242,37.3121,Bus Stop
125,ONAT KUTLAR SOSYAL TESÄ°SLERÄ° 25 NOLU CAD. 1,37.0452,37.3451,Bus Stop
126,ONAT KUTLAR MAH.25. NOLU CAD.,37.0662,37.3781,Bus Stop
127,ONAT KUTLAR SOSYAL TESÄ°SLERÄ° 25 NOLU CAD. 3,37.0872,37.4111,Bus Stop
128,MERÄ°NOS SÄ°TESÄ° 1,37.1082,37.4441,Bus Stop
129,MERVEŞEHÄ°R 22 NOLU CAD.,37.1292,37.3271,Bus Stop
130,M1 AVM çETİNKAYA,37.0002,37.3601,Bus Stop
137,ZÄ°RVE KONAKLARI,36.9972,37.4411,Bus Stop
139,GAZÄ°KENT 26 NOLU CAD. 3,37.0392,37.3571,Bus Stop
140,SEYRANTEPE,37.0602,37.3901,Bus Stop
141,SEYRANTEPE D-G 4/A BLOK,37.0812,37.4231,Bus Stop
142,SEYRANTEPE ALTINOVA KONAKLARI,37.1022,37.3061,Bus Stop
143,EDABALİ İ.Ö.OKULU,37.1232,37.3391,Bus Stop
144,NENE HATUN ANA OKULU,36.9942,37.3721,Bus Stop
146,SULTANA TIP MERKEZÄ°,37.0362,37.4381,Bus Stop
147,KIRSAL TERMÄ°NAL2.AD.,37.0572,37.3211,Bus Stop
148,AKPINAR GÄ°YÄ°M,37.0782,37.3541,Bus Stop
149,DERGAH TERZÄ°,37.0992,37.3871,Bus Stop
150,FATÄ°H CAMÄ°Ä°,37.1202,37.4201,Bus Stop
151,DEVA HASTANESÄ°,36.9912,37.3031,Bus Stop
152,AHMET TANER KIŞLALI PARKI,37.0122,37.3361,Bus Stop
153,ŞEHREKÜSTÜ İTFAİYESİ,37.0332,37.3691,Bus Stop
154,ŞEHÄ°TLER CADDESÄ°,37.0542,37.4021,Bus Stop
155,ŞEYH FETTULLAH PARKI,37.0752,37.4351,Bus Stop
156,TÄ°RÄ°KOTAJCILAR SÄ°TESÄ°,37.0962,37.3181,Bus Stop
157,ŞÄ°REHANI,37.1172,37.3511,Bus Stop
158,ŞIHCAN,37.1382,37.3841,Bus Stop
159,ESKÄ° ADLÄ°YE,37.0092,37.4171,Bus Stop
160,YEŞÄ°LSU,37.0302,37.4501,Bus Stop
161,BÜYÜKŞEHİR BELEDİYESİ,37.0512,37.3331,Bus Stop
162,ŞEL PETROL,37.0722,37.3661,Bus Stop
163,ESKÄ° OTOGAR,37.0932,37.3991,Bus Stop
164,ŞEHÄ°TKAMÄ°L BELEDÄ°YESÄ°,37.1142,37.4321,Bus Stop
165,GAZİANTEP MÜZESİ,37.1352,37.3151,Bus Stop
166,KARAGÖZ GARANTİ BANKASI,37.0062,37.3481,Bus Stop
167,TURİSTİK çARŞI,37.0272,37.3811,Bus Stop
168,ELMACI PAZARI,37.0482,37.4141,Bus Stop
169,SAVAŞ MÜZESİ,37.0692,37.4471,Bus Stop
173,ŞEHÄ°TKAMÄ°L GIDA BANKASI,37.0032,37.4291,Bus Stop
175,CESÄ°KA GÄ°YÄ°M,37.0452,37.3451,Bus Stop
176,AKDENÄ°Z GÄ°YÄ°M,37.0662,37.3781,Bus Stop
177,KIRSAL TERMÄ°NAL 1,37.0872,37.4111,Bus Stop
179,ŞÄ°RÄ°NEVLER 1,37.1292,37.3271,Bus Stop
180,ŞÄ°RÄ°NEVLER 2,37.0002,37.3601,Bus Stop
181,MAAŞKUYU CAD.,37.0212,37.3931,Bus Stop
182,SEYRANTEPE PARKI,37.0422,37.4261,Bus Stop
183,EDABALİ İ.Ö.O,37.0632,37.3091,Bus Stop
184,ALTINOVA İNŞAAT BÜFE,37.0842,37.3421,Bus Stop
185,D.G.Y A BLOK,37.1052,37.3751,Bus Stop
186,Ä°NCÄ°LÄ°KAYA,37.1262,37.4081,Bus Stop
187,Ä°MAM HATÄ°P LÄ°SESÄ°,36.9972,37.4411,Bus Stop
188,AKDENÄ°Z MARKET,37.0182,37.3241,Bus Stop
189,BÄ°ZÄ°M EMLAK,37.0392,37.3571,Bus Stop
190,DÄ°YAR MARKET,37.0602,37.3901,Bus Stop
191,B.ABDULLAH EDÄ°P ORTA OKULU,37.0812,37.4231,Bus Stop
192,KARACA AVM.,37.1022,37.3061,Bus Stop
193,NECİP FAZIL KISAKÜREK CAMİİ,37.1232,37.3391,Bus Stop
194,HUMANIZLI MAH.UZAYçATI,36.9942,37.3721,Bus Stop
195,HUMANIZLI MAH.RAMPA,37.0152,37.4051,Bus Stop
196,ET BALIK KURUMU,37.0362,37.4381,Bus Stop
197,PERÄ°LÄ°KAYA KAVŞAÄŞI,37.0572,37.3211,Bus Stop
198,PERÄ°LÄ°KAYA PARKI,37.0782,37.3541,Bus Stop
199,MERÄ°NOS SATIŞ MAÄŞAZASI,37.0992,37.3871,Bus Stop
200,25 ARALIK POLÄ°S MERKEZÄ°,37.1202,37.4201,Bus Stop
201,HASÄ°P DURRÄ° CAD. A 101,36.9912,37.3031,Bus Stop
202,HASÄ°B DURRÄ° CAD.,37.0122,37.3361,Bus Stop
203,HATİCE ÖZDEMİR APT.,37.0332,37.3691,Bus Stop
204,DEMOKRASÄ° BLV.,37.0542,37.4021,Bus Stop
205,ATATÜRK LİSESİ,37.0752,37.4351,Bus Stop
207,ÖZEN HELVA,37.1172,37.3511,Bus Stop
208,ÜNALDI POSTAHANESİ,37.1382,37.3841,Bus Stop
209,SARRAF CAD.,37.0092,37.4171,Bus Stop
210,ESKİ ÜNALDI DOLMUŞ DURAŞI,37.0302,37.4501,Bus Stop
211,ÜçOKLAR MAH.,37.0512,37.3331,Bus Stop
213,VEHBİ DAİ İ.Ö.OKULU,37.0932,37.3991,Bus Stop
216,CEYSOÄŞULLARI APT.,37.0062,37.3481,Bus Stop
218,Ä°NCÄ°LÄ°KAYA SAÄŞLIK OCAÄŞI,37.0482,37.4141,Bus Stop
219,Ä°NCÄ°LÄ°KAYA 37002 NOLU CAD.,37.0692,37.4471,Bus Stop
222,MALAZGÄ°RT MAH.1*1 TOKÄ°,37.1322,37.3961,Bus Stop
223,GAZÄ°LER MAH.SON DURAK,37.0032,37.4291,Bus Stop
224,GAZÄ°LER MAAH. RAMPA,37.0242,37.3121,Bus Stop
225,çAMLITEPE MAH.F.24/A,37.0452,37.3451,Bus Stop
226,çAMLITEPE MAH.SAGLIK OCAŞI,37.0662,37.3781,Bus Stop
227,MEHMET ENSARÄ° Ä°NŞAAT,37.0872,37.4111,Bus Stop
228,BEYKENT 1. ETAP C8 BLOK,37.1082,37.4441,Bus Stop
229,BEYKENT C-12 BLOK,37.1292,37.3271,Bus Stop
230,BEYKENT 4 NOLU CADDE,37.0002,37.3601,Bus Stop
231,D.400.Ä°PEKYOLU IŞIK AHŞAP,37.0212,37.3931,Bus Stop
232,BEYKENT YILDIZ CENTER PARK,37.0422,37.4261,Bus Stop
233,BEYLERBEYÄ° ANADOLU LÄ°SESÄ°,37.0632,37.3091,Bus Stop
234,MALABADÄ° SÄ°TESÄ°,37.0842,37.3421,Bus Stop
235,BEYKENT KAVŞAK,37.1052,37.3751,Bus Stop
236,BEYLERBEYÄ° TUGAY BASRA YOLU,37.1262,37.4081,Bus Stop
237,UZAY çATI PAZAR YERİ,36.9972,37.4411,Bus Stop
238,MERVEŞEHÄ°R,37.0182,37.3241,Bus Stop
239,MERÄ°NOS FABRÄ°KASI,37.0392,37.3571,Bus Stop
240,TEÄ°AŞ MEZARLIK,37.0602,37.3901,Bus Stop
241,ASKERÄ° ŞEHÄ°TLÄ°K KARŞISI,37.0812,37.4231,Bus Stop
243,2 NOLU KIRSAL TERMÄ°NAL,37.1232,37.3391,Bus Stop
244,çAŞLAYAN MAH.,36.9942,37.3721,Bus Stop
245,KARŞIYAKA MERKEZ CAMÄ°Ä°,37.0152,37.4051,Bus Stop
246,ŞEHİTKAMİL İLçE EMNİYET MÜDÜRLÜGÜ,37.0362,37.4381,Bus Stop
247,YEŞÄ°LOVA,37.0572,37.3211,Bus Stop
248,ŞOFÖRLER ODASI,37.0782,37.3541,Bus Stop
251,BOSNA HERSEK PARKI,36.9912,37.3031,Bus Stop
252,KORUTÜRK CAD.,37.0122,37.3361,Bus Stop
253,çAŞLAYAN MAH. 1,37.0332,37.3691,Bus Stop
254,çAŞLAYAN MAH. 2,37.0542,37.4021,Bus Stop
255,çAŞLAYAN MAH.3.,37.0752,37.4351,Bus Stop
256,ASKERÄ° ŞEHÄ°TLÄ°K,37.0962,37.3181,Bus Stop
260,BEYLERBEYÄ° KURAN KURSU,37.0302,37.4501,Bus Stop
262,BEYKENT ANADOLU LÄ°SESÄ°,37.0722,37.3661,Bus Stop
263,BEYKENT ESKÄ° SON DURAK,37.0932,37.3991,Bus Stop
264,BEYKENT MUHTARLIK,37.1142,37.4321,Bus Stop
265,BEYKENT C.11.BLOK,37.1352,37.3151,Bus Stop
267,BEYKENT 4. NOLU CAD.,37.0272,37.3811,Bus Stop
269,BEYKENT C-8 BLOK,37.0692,37.4471,Bus Stop
270,ENSARÄ° Ä°NŞAAT,37.0902,37.3301,Bus Stop
271,BEYKENT SAÄŞLIK OCAÄŞI,37.1112,37.3631,Bus Stop
272,GAZÄ°LER MAH.RAMPA,37.1322,37.3961,Bus Stop
273,çAMLITEPE MAH.SON DURAK,37.0032,37.4291,Bus Stop
274,TOPLUM RUH. SAÄŞLIK MRK.,37.0242,37.3121,Bus Stop
275,EYÜPSULTAN MAH.MUHTARLIK,37.0452,37.3451,Bus Stop
276,HACIBABA SU DEPOSU 1,37.0662,37.3781,Bus Stop
277,HACIBABA SU DEPOSU 2,37.0872,37.4111,Bus Stop
278,EYÜP SULTAN CAMİİ,37.1082,37.4441,Bus Stop
279,FIRAT PASTANESÄ°,37.1292,37.3271,Bus Stop
280,HZ. EBUBEKÄ°R CAMÄ°Ä°,37.0002,37.3601,Bus Stop
281,8.ŞUBAT 59079 NOLU CAD.,37.0212,37.3931,Bus Stop
282,ADA SÜRÜCÜ KURSU,37.0422,37.4261,Bus Stop
283,FEVZİ çAKMAK PTT,37.0632,37.3091,Bus Stop
284,PARK Ä°NŞAAT,37.0842,37.3421,Bus Stop
285,KARAYOLLARI,37.1052,37.3751,Bus Stop
286,3.NOLU CAD.KAVŞAK,37.1262,37.4081,Bus Stop
287,D.S.Ä°,36.9972,37.4411,Bus Stop
290,AK MARKET,37.0602,37.3901,Bus Stop
291,PÄ°R SULTAN PARKI,37.0812,37.4231,Bus Stop
292,SEKÄ°ZLER EMLAK,37.1022,37.3061,Bus Stop
293,HZ.EBUBEKÄ°R CAMÄ°Ä°,37.1232,37.3391,Bus Stop
294,50 NOLU CAD.,36.9942,37.3721,Bus Stop
296,HACI BABA SU DEPOSU 1,37.0362,37.4381,Bus Stop
297,HACI BABA SU DEPOSU 2,37.0572,37.3211,Bus Stop
298,HANİFİ YÜCELER CAD.,37.0782,37.3541,Bus Stop
299,TÄ°CARET BORSASI ORTA OKULU,37.0992,37.3871,Bus Stop
302,YAVUZELÄ° YOLU PETROL,37.0122,37.3361,Bus Stop
303,SANİ KONUKOŞLU İ.Ö.O,37.0332,37.3691,Bus Stop
304,EŞREF BÄ°TLÄ°S PARKI,37.0542,37.4021,Bus Stop
305,CÄ°NDERESÄ° KAVŞAK,37.0752,37.4351,Bus Stop
306,CÄ°NDERESÄ° 47 NOLU CAD.,37.0962,37.3181,Bus Stop
308,ŞEHİTKAMİL KÜLTÜR MERKEZİ,37.1382,37.3841,Bus Stop
309,ANATOLÄ°AN HOTEL,37.0092,37.4171,Bus Stop
310,çETİNKAYA AVM.,37.0302,37.4501,Bus Stop
311,KÄ°LÄ°S GARAJI,37.0512,37.3331,Bus Stop
312,AMARÄ°KAN HASTANESÄ°,37.0722,37.3661,Bus Stop
313,DR.ERSÄ°N ASLAN EÄŞÄ°TÄ°M VE ARAŞTIRMA HASTANESÄ°,37.0932,37.3991,Bus Stop
314,ESKÄ° EMÄ°RGAN,37.1142,37.4321,Bus Stop
315,ABDULLAH KEPKEP OKULU,37.1352,37.3151,Bus Stop
316,FORUM AVM.,37.0062,37.3481,Bus Stop
318,AMERÄ°KAN HASTANESÄ°,37.0482,37.4141,Bus Stop
321,ANATOLÄ°A HOTEL,37.1112,37.3631,Bus Stop
323,80.YIL İ.Ö.OKULU,37.0032,37.4291,Bus Stop
324,CÄ°NDERESÄ°. 47 NOLU CAD.,37.0242,37.3121,Bus Stop
325,CÄ°NDERESÄ° 1,37.0452,37.3451,Bus Stop
326,CÄ°NDERESÄ° 2,37.0662,37.3781,Bus Stop
327,CÄ°NDERESÄ° 3,37.0872,37.4111,Bus Stop
330,YASEMÄ°N BALSU PARKI,37.0002,37.3601,Bus Stop
331,MEHMET ANNAç PARKI,37.0212,37.3931,Bus Stop
332,PTT 2. KISIM EVLERÄ°,37.0422,37.4261,Bus Stop
333,BAŞAK SÄ°TESÄ°,37.0632,37.3091,Bus Stop
334,AFGAN EVLERÄ°,37.0842,37.3421,Bus Stop
335,ATAKENT SÄ°TESÄ°,37.1052,37.3751,Bus Stop
336,AMAç YAPI SİTESİ,37.1262,37.4081,Bus Stop
337,GATEM KAVŞAÄŞI,36.9972,37.4411,Bus Stop
338,SANÄ° KONUKOÄŞLU BLV. ISUZU SERVÄ°SÄ°,37.0182,37.3241,Bus Stop
339,SANÄ° KONUKOÄŞLU BLV.,37.0392,37.3571,Bus Stop
340,ZEUGMA MÜZESİ,37.0602,37.3901,Bus Stop
341,LALEZAR CAMÄ°Ä°,37.0812,37.4231,Bus Stop
342,ASRÄ° MEZARLIK,37.1022,37.3061,Bus Stop
343,ERDEMOŞLU ÜST GEçİT,37.1232,37.3391,Bus Stop
344,Ä°PEK YOLU,36.9942,37.3721,Bus Stop
346,KÜSGET SANAYİİ SİTESİ,37.0362,37.4381,Bus Stop
348,LÄ°VZA MOBÄ°LYA,37.0782,37.3541,Bus Stop
354,ŞAFAK KENT SÄ°TESÄ°,37.0542,37.4021,Bus Stop
355,AKKOZA FABRÄ°KASI,37.0752,37.4351,Bus Stop
356,OTOBÜS İŞLETME,37.0962,37.3181,Bus Stop
358,HAKAN ÖZCAN GENçLİK MERKEZİ,37.1382,37.3841,Bus Stop
359,ZAFER CADESÄ°,37.0092,37.4171,Bus Stop
360,AKKENT KAYAC EMLAK,37.0302,37.4501,Bus Stop
361,TEKKE CAMÄ°Ä°,37.0512,37.3331,Bus Stop
362,AKKENT A 101 AVM.,37.0722,37.3661,Bus Stop
363,ALÄ° TÄ°RYAKÄ° MESLEK LÄ°SESÄ°,37.0932,37.3991,Bus Stop
364,ŞEHÄ°TKAMÄ°L MAKÄ°NA SANAYÄ°,37.1142,37.4321,Bus Stop
365,NÄ°ZÄ°P CAD.,37.1352,37.3151,Bus Stop
366,UMUT MAH. ÖZTÜRK İNŞAAT,37.0062,37.3481,Bus Stop
369,CÄ°N DERESÄ°,37.0692,37.4471,Bus Stop
370,CİNDERESİ SÜRÜCÜ KURSU,37.0902,37.3301,Bus Stop
371,ESKİ DÜLÜK CAD. 1,37.1112,37.3631,Bus Stop
372,ESKİ DÜLÜK CAD. 2,37.1322,37.3961,Bus Stop
373,ESKİ DÜLÜK CAD. 3,37.0032,37.4291,Bus Stop
374,FEDAÄ° MUSTAFA SOK.,37.0242,37.3121,Bus Stop
375,DUMLUPINAR SOK.,37.0452,37.3451,Bus Stop
376,MEHMET ŞAHAN CAMÄ°Ä°,37.0662,37.3781,Bus Stop
377,ŞOFÖR ALİ CAD. 1,37.0872,37.4111,Bus Stop
378,ŞOFÖR ALİ CAD. 2,37.1082,37.4441,Bus Stop
379,TEKEL CAD. 1,37.1292,37.3271,Bus Stop
380,TEKEL CAD. 2,37.0002,37.3601,Bus Stop
381,TEKEL CAD. 3.,37.0212,37.3931,Bus Stop
385,ESKİ DÜLÜK CAD. 4,37.1052,37.3751,Bus Stop
386,EMİNE ULUSOY İ.Ö.OKULU,37.1262,37.4081,Bus Stop
387,çAŞLAYAN MAHALLESİ 2,36.9972,37.4411,Bus Stop
388,SHELL PETROL,37.0182,37.3241,Bus Stop
390,GAZÄ° MUHTAR PAŞA BLV.,37.0602,37.3901,Bus Stop
391,MUAAMMER AKSOY BLV.,37.0812,37.4231,Bus Stop
392,M.AKSOY BLV. FÄ°NANS BANK,37.1022,37.3061,Bus Stop
393,DOKTORLAR SÄ°TESÄ°,37.1232,37.3391,Bus Stop
395,EKÄ°N APT.,37.0152,37.4051,Bus Stop
396,çÖZÜM KULAK BURUN BOŞAZ MERKEZİ,37.0362,37.4381,Bus Stop
397,GAZÄ° MUHTAR PAŞA BULVARI,37.0572,37.3211,Bus Stop
399,KARAKABÄ°R,37.0992,37.3871,Bus Stop
401,ŞEHÄ°TLER PARKI,36.9912,37.3031,Bus Stop
402,ŞEHREKÜSTÜ,37.0122,37.3361,Bus Stop
403,DEMOKRASÄ° BLV. OPET PETROL,37.0332,37.3691,Bus Stop
404,BAYINDIR DÜŞÜN SALONU,37.0542,37.4021,Bus Stop
406,HAVALÄ°MANI YOLU 1,37.0962,37.3181,Bus Stop
407,HAVALÄ°MANI YOLU 2,37.1172,37.3511,Bus Stop
408,HOŞGÖR KURAN KURSU,37.1382,37.3841,Bus Stop
409,HASAN KALYONCU ÜNV.KAVŞAK,37.0092,37.4171,Bus Stop
411,HAVALÄ°MANI YOLU 3,37.0512,37.3331,Bus Stop
412,HAVALÄ°MANI YOLU 4,37.0722,37.3661,Bus Stop
413,KÖRKÜN SANAYİ YOLU,37.0932,37.3991,Bus Stop
414,KÖRKÜN SANAYİ.1,37.1142,37.4321,Bus Stop
415,KÖRKÜN SANAYİ.2,37.1352,37.3151,Bus Stop
416,KÖRKÜN SANAYİ.3,37.0062,37.3481,Bus Stop
417,KÖRKÜN SANAYİ.4,37.0272,37.3811,Bus Stop
418,KÖRKÜN MAH.5,37.0482,37.4141,Bus Stop
419,KÖRKÜN MAH.9,37.0692,37.4471,Bus Stop
420,KÖRKÜN MAH.11,37.0902,37.3301,Bus Stop
421,ENSAR SÄ°TESÄ°,37.1112,37.3631,Bus Stop
423,BÄ°NEVLER SON DURAK,37.0032,37.4291,Bus Stop
424,500.EVLER CAMÄ°Ä°,37.0242,37.3121,Bus Stop
426,BURç KAVŞAŞI,37.0662,37.3781,Bus Stop
428,HAYVANAT BAHçESİ,37.1082,37.4441,Bus Stop
429,BURç PARK,37.1292,37.3271,Bus Stop
430,BURç PARK İçİ,37.0002,37.3601,Bus Stop
431,BURç ORMAN İçİ,37.0212,37.3931,Bus Stop
432,TAMMET HASTANESÄ°,37.0422,37.4261,Bus Stop
433,ÖGÜMSÖGÜT MAH.1,37.0632,37.3091,Bus Stop
434,BÜYÜKPINAR KÖYÜ 1,37.0842,37.3421,Bus Stop
435,D 400 DEDEMAN KAVŞAÄŞI,37.1052,37.3751,Bus Stop
436,SEFAŞEHÄ°R KONUTLARI,37.1262,37.4081,Bus Stop
437,BEŞLER MAKARNA,36.9972,37.4411,Bus Stop
438,BAŞPINAR CAMÄ°Ä°,37.0182,37.3241,Bus Stop
439,D 400 OPET PETROL,37.0392,37.3571,Bus Stop
441,60.YIL TOTAL PETROL,37.0812,37.4231,Bus Stop
442,YUKARIBAYIR CAMÄ°Ä°,37.1022,37.3061,Bus Stop
443,KASAP CÜCE CAD.1,37.1232,37.3391,Bus Stop
444,KASAP CÜCE CAD.2,36.9942,37.3721,Bus Stop
445,Ş.KARAYILAN İ.Ö.O,37.0152,37.4051,Bus Stop
446,KASAP CÜCE TOTAL PETROL,37.0362,37.4381,Bus Stop
447,GÜVENEVLER 78 NOLU CADDE,37.0572,37.3211,Bus Stop
448,ADİL ÖZBERK SAGLIK OCAGI,37.0782,37.3541,Bus Stop
449,SAçAKLI,37.0992,37.3871,Bus Stop
450,LALE PÄ°DE FIRINI,37.1202,37.4201,Bus Stop
452,ESKÄ° TEKEL DURAÄŞI,37.0122,37.3361,Bus Stop
453,KARAYILAN CAD.,37.0332,37.3691,Bus Stop
454,BARAK KAHVESÄ°,37.0542,37.4021,Bus Stop
455,CENGÄ°Z TOPEL 1,37.0752,37.4351,Bus Stop
456,MEVLANA CAMÄ°Ä° S.,37.0962,37.3181,Bus Stop
457,CENGÄ°Z TOPEL 2,37.1172,37.3511,Bus Stop
459,CENGÄ°Z TOPEL 3,37.0092,37.4171,Bus Stop
460,CENGÄ°Z TOPEL.4,37.0302,37.4501,Bus Stop
461,DURNALIK KÖYÜ,37.0512,37.3331,Bus Stop
462,YENÄ°ŞARKAYA,37.0722,37.3661,Bus Stop
464,KÖRKÜN MAH.7,37.1142,37.4321,Bus Stop
465,YEDÄ°TEPE KAVŞAK,37.1352,37.3151,Bus Stop
466,HASÄ°B DURRÄ° CAMÄ°Ä°,37.0062,37.3481,Bus Stop
468,GÖRGÜN AVM,37.0482,37.4141,Bus Stop
470,KAYALIPINAR MAH.,37.0902,37.3301,Bus Stop
471,GEBEKÖY MAH.,37.1112,37.3631,Bus Stop
472,Ä°NCEYOL MAH.,37.1322,37.3961,Bus Stop
473,BOYNO MAH.,37.0032,37.4291,Bus Stop
474,KAZIM KARABEKÄ°R ORTA OKULU,37.0242,37.3121,Bus Stop
475,ACAROBA KÖYÜ,37.0452,37.3451,Bus Stop
476,MEVLANA CAMÄ°Ä°,37.0662,37.3781,Bus Stop
478,çAMLITEPE MAH.TOKİLER 1.NOLU DURAK,37.1082,37.4441,Bus Stop
479,çAMLITEPE MAH.TOKİLER 2.NOLU DURAK,37.1292,37.3271,Bus Stop
480,çAMLITEPE MAH.TOKİLER 3.NOLU DURAK,37.0002,37.3601,Bus Stop
481,ACAROBA MAH.,37.0212,37.3931,Bus Stop
482,HASAN KALYONCU ÜNÜVERSİTESİ,37.0422,37.4261,Bus Stop
483,YEŞÄ°LKENT MEZARLIÄŞI,37.0632,37.3091,Bus Stop
485,BURç KAVŞAŞI ÜNÜVERSİTE,37.1052,37.3751,Bus Stop
486,ÜNİVERSİTE BURç KAVŞAŞI,37.1262,37.4081,Bus Stop
487,ÜNİVERSİTE PTT.,36.9972,37.4411,Bus Stop
488,ÜNİVERSİTE,37.0182,37.3241,Bus Stop
489,YEDÄ°TEPE 73 NOLU CADDE,37.0392,37.3571,Bus Stop
490,AK YILDIZ SÄ°TESÄ°,37.0602,37.3901,Bus Stop
491,İMAM çOBAN İ.Ö.O 1,37.0812,37.4231,Bus Stop
492,İMAM çOBAN İ.Ö.O 2,37.1022,37.3061,Bus Stop
494,YEDÄ°TEPE 43.NOLU SOK.1.,36.9942,37.3721,Bus Stop
495,YEDÄ°TEPE 43.NOLU SOK.2.,37.0152,37.4051,Bus Stop
496,YEDÄ°TEPE 43.NOLU SOK.3.,37.0362,37.4381,Bus Stop
497,YEDÄ°TEPE 43.NOLU SOK.4.,37.0572,37.3211,Bus Stop
498,60.YIL,37.0782,37.3541,Bus Stop
500,MAHMUT FEHİME İ.Ö.OKULU,37.1202,37.4201,Bus Stop
502,VEYSEL KARANÄ° CAMÄ°Ä°,37.0122,37.3361,Bus Stop
504,M.OGUZ GÖGÜŞ CADDESİ,37.0542,37.4021,Bus Stop
508,BÄ°NEVLER SAGLIK OCAGI,37.1382,37.3841,Bus Stop
510,BATALHÖYÜK,37.0302,37.4501,Bus Stop
512,ERTUG SÄ°TESÄ°,37.0722,37.3661,Bus Stop
514,UGUR MUMCU PARKI,37.1142,37.4321,Bus Stop
516,ARABALI PARK,37.0062,37.3481,Bus Stop
517,RASAF YOLU,37.0272,37.3811,Bus Stop
519,KÄ°RAZLIKKIZ YURDU,37.0692,37.4471,Bus Stop
521,BAHCE ŞEHÄ°R KOLEJÄ°,37.1112,37.3631,Bus Stop
522,ARÄ°F NÄ°HAT ASYA LÄ°SESÄ°,37.1322,37.3961,Bus Stop
523,CLASSÄ°S GARDEN,37.0032,37.4291,Bus Stop
525,KÜççÜK KIZILHİSAR,37.0452,37.3451,Bus Stop
527,ŞAHÄ°NLER SÄ°TESÄ°,37.0872,37.4111,Bus Stop
529,GÜVENKENT SİTESİ,37.1292,37.3271,Bus Stop
531,NURGANA MAH.,37.0212,37.3931,Bus Stop
532,KURTULUŞ MAH.,37.0422,37.4261,Bus Stop
533,FISTIKLIK PARKI,37.0632,37.3091,Bus Stop
535,GÜZEL VADİ APT.,37.1052,37.3751,Bus Stop
536,ALİM SÜPER MARKET,37.1262,37.4081,Bus Stop
537,ŞAHÄ°NLER APT.,36.9972,37.4411,Bus Stop
538,ŞEHÄ°T EMRE BAKIRCI PARKI,37.0182,37.3241,Bus Stop
539,VADÄ°KENT APT.,37.0392,37.3571,Bus Stop
540,DEMOKRASÄ° BULVARI,37.0602,37.3901,Bus Stop
541,EZOGELİN DÜŞÜN SALONU,37.0812,37.4231,Bus Stop
544,BOSTANCIK AND.LÄ°SESÄ°,36.9942,37.3721,Bus Stop
545,ABDULKADİR YÜKSEL DEVLET HASTANESİ,37.0152,37.4051,Bus Stop
546,ABDULKADÄ°R KONUKOÄŞLU BLV.2.,37.0362,37.4381,Bus Stop
547,DURDU YETKÄ°N ŞEKERCÄ° CAD.,37.0572,37.3211,Bus Stop
549,ABDULKADÄ°R KONUKOÄŞLU BLV.3.,37.0992,37.3871,Bus Stop
550,KIRSAL TERMÄ°NAL.1,37.1202,37.4201,Bus Stop
551,UMUT MAH.82.NOLU CAD.,36.9912,37.3031,Bus Stop
553,NESÄ°MÄ° CAMÄ°Ä°,37.0332,37.3691,Bus Stop
555,SAM MAH.1,37.0752,37.4351,Bus Stop
556,SAM MAH.2,37.0962,37.3181,Bus Stop
557,SAM MAH. MEYDAN,37.1172,37.3511,Bus Stop
558,ORGANÄ°ZE SANAYÄ° POLÄ°S MERKEZÄ°,37.1382,37.3841,Bus Stop
560,NACÄ° TOPCUOÄŞLU M.Y.O,37.0302,37.4501,Bus Stop
561,KOLUMAN,37.0512,37.3331,Bus Stop
562,AKTOPRAK.1,37.0722,37.3661,Bus Stop
563,AKTOPRAK .2,37.0932,37.3991,Bus Stop
564,AKTOPRAK.3,37.1142,37.4321,Bus Stop
565,AKTOPRAK.4,37.1352,37.3151,Bus Stop
567,TEÄ°AŞ TRAFO,37.0272,37.3811,Bus Stop
568,77 NOLU CAD. 1.,37.0482,37.4141,Bus Stop
569,77 NOLU CAD. 2.,37.0692,37.4471,Bus Stop
570,77 NOLU CAD. 3.,37.0902,37.3301,Bus Stop
571,ERTUŞRUL GAZİ İ.Ö.O,37.1112,37.3631,Bus Stop
573,DUMLUPINAR,37.0032,37.4291,Bus Stop
574,DUMLUPINAR YALçIN PİDE,37.0242,37.3121,Bus Stop
576,DUMLUPINAR CAMÄ°Ä°,37.0662,37.3781,Bus Stop
578,ÖZDEMİRBEY CAD. 2,37.1082,37.4441,Bus Stop
579,ÖZDEMİRBEY CAD. ŞEHİTLER CAMİİ,37.1292,37.3271,Bus Stop
580,70 NOLU CAD. ONAT KUTLAR,37.0002,37.3601,Bus Stop
581,ERÄ°KLÄ° MAH 2,37.0212,37.3931,Bus Stop
582,KARACABURç MAH.5,37.0422,37.4261,Bus Stop
583,ERÄ°KLÄ° MAH 3,37.0632,37.3091,Bus Stop
584,SARISALKIM MAH. OKUL,37.0842,37.3421,Bus Stop
585,SARISALKIL MAH. MUHTARLIK,37.1052,37.3751,Bus Stop
586,KULE APT,37.1262,37.4081,Bus Stop
587,SARIBAŞAK MAH.CAMÄ°Ä°,36.9972,37.4411,Bus Stop
588,ZÜLFÜKAR MAH.,37.0182,37.3241,Bus Stop
589,SEKÄ°LÄ° MAH.,37.0392,37.3571,Bus Stop
590,SARISALKIM MAH.çIKIŞ,37.0602,37.3901,Bus Stop
591,IŞIKLI MAH..5,37.0812,37.4231,Bus Stop
592,IŞIKLI MAH..4,37.1022,37.3061,Bus Stop
593,IŞIKLI MAH..3,37.1232,37.3391,Bus Stop
594,IŞIKLI MAH..2,36.9942,37.3721,Bus Stop
595,IŞIKLI MAH..1,37.0152,37.4051,Bus Stop
597,KIZICAGÖLMAH.,37.0572,37.3211,Bus Stop
598,YEŞÄ°LCE MAH.,37.0782,37.3541,Bus Stop
599,ULUYATIR MAH.,37.0992,37.3871,Bus Stop
600,KARADEDE MAH.,37.1202,37.4201,Bus Stop
601,DIMIŞKILI MAH.,36.9912,37.3031,Bus Stop
602,SOFALICI MAH.,37.0122,37.3361,Bus Stop
603,BEŞKUYU MAH.,37.0332,37.3691,Bus Stop
604,YAYLACIK MAH.,37.0542,37.4021,Bus Stop
605,NARLICA MAH.,37.0752,37.4351,Bus Stop
606,KALEBOYNU MAH.,37.0962,37.3181,Bus Stop
607,DAMLACIK MAH.,37.1172,37.3511,Bus Stop
608,KABARCIK (BUDAK) MAH.,37.1382,37.3841,Bus Stop
609,AKPINAR MAH.,37.0092,37.4171,Bus Stop
610,YAZIBAÄŞI MAH.,37.0302,37.4501,Bus Stop
611,SIRASÖGÜT (HEZEK) MAH. 1,37.0512,37.3331,Bus Stop
612,SIRASÖGÜT (HEZEK) MAH. 2,37.0722,37.3661,Bus Stop
613,BELEN MAH.,37.0932,37.3991,Bus Stop
614,BEKÄ°ŞLÄ° MAH.,37.1142,37.4321,Bus Stop
615,çUBUKDİKEN MAH.,37.1352,37.3151,Bus Stop
616,AKBAYIR MAH.,37.0062,37.3481,Bus Stop
617,TÄ°YEKLÄ° MAH.,37.0272,37.3811,Bus Stop
618,HACIARSLAN MAH.,37.0482,37.4141,Bus Stop
619,KAVŞAK MAH.,37.0692,37.4471,Bus Stop
620,KUŞCU MAH,37.0902,37.3301,Bus Stop
621,YAYCI MAH.,37.1112,37.3631,Bus Stop
622,CAMCIOGLU SÄ°TESÄ°,37.1322,37.3961,Bus Stop
623,PARÄ°S APT,37.0032,37.4291,Bus Stop
624,ROZA EVLERÄ°,37.0242,37.3121,Bus Stop
625,TOKÄ° EVLERÄ° B BLOK,37.0452,37.3451,Bus Stop
627,BURC SON DURAK,37.0872,37.4111,Bus Stop
628,BURC OKUL,37.1082,37.4441,Bus Stop
629,BURC GASKÄ°,37.1292,37.3271,Bus Stop
630,BURC MEYDAN,37.0002,37.3601,Bus Stop
631,SEMERCİ HACİ ÖKKEŞ HAYRATI,37.0212,37.3931,Bus Stop
633,KÜLECİK MAH.,37.0632,37.3091,Bus Stop
634,ESKÄ° BAHCE ŞEHÄ°R KOLEJÄ°,37.0842,37.3421,Bus Stop
635,DURANTAŞ MAH.,37.1052,37.3751,Bus Stop
636,V.GÖLBAŞI HAYRATI,37.1262,37.4081,Bus Stop
638,SERİNCE YOL çATI,37.0182,37.3241,Bus Stop
640,SERÄ°NCE BAG EVLERÄ°,37.0602,37.3901,Bus Stop
642,SERÄ°NCE MAH.VÄ°LLALAR,37.1022,37.3061,Bus Stop
643,SERÄ°NCE MAH. GÄ°RÄ°Ş,37.1232,37.3391,Bus Stop
644,SERÄ°NCE MAH. MEYDAN,36.9942,37.3721,Bus Stop
645,SERİNCE MAH. çIKIŞ,37.0152,37.4051,Bus Stop
646,GÜLPINAR MAH. 1,37.0362,37.4381,Bus Stop
647,GÜLPINAR MAH. 2,37.0572,37.3211,Bus Stop
648,BURç KARAKUYU,37.0782,37.3541,Bus Stop
649,ŞAHİN BEY MÜLK MAH.,37.0992,37.3871,Bus Stop
650,çİMENLİ MAH,37.1202,37.4201,Bus Stop
651,YEŞİLKÖY MAH.,36.9912,37.3031,Bus Stop
652,KARAçOMAK MAH.,37.0122,37.3361,Bus Stop
653,MUHACÄ°R OSMAN MAH. 1,37.0332,37.3691,Bus Stop
654,MUHACÄ°R OSMAN MAH. 2,37.0542,37.4021,Bus Stop
655,SARIT MAH.5,37.0752,37.4351,Bus Stop
656,GENEYÄ°K MAH.,37.0962,37.3181,Bus Stop
657,DEREDÜZÜ MAH.,37.1172,37.3511,Bus Stop
658,BOSTANCIK MAH.,37.1382,37.3841,Bus Stop
659,SERGEN MAH.,37.0092,37.4171,Bus Stop
660,ALMALI MAH.,37.0302,37.4501,Bus Stop
661,KERER MAH.,37.0512,37.3331,Bus Stop
662,BAÄŞLARBAŞI MAH.2,37.0722,37.3661,Bus Stop
663,BAÄŞLARBAŞI MAH. 1,37.0932,37.3991,Bus Stop
664,ENGELSÄ°Z YAŞAM MERKEZÄ°,37.1142,37.4321,Bus Stop
666,YERLEŞÄ°M SÄ°TESÄ°,37.0062,37.3481,Bus Stop
668,CEBELER MAH.,37.0482,37.4141,Bus Stop
669,TOKÄ° EVLERÄ° A BLOK,37.0692,37.4471,Bus Stop
670,GÜNBULUR MAH.,37.0902,37.3301,Bus Stop
671,ŞAHİNBEY MÜLK 1,37.1112,37.3631,Bus Stop
672,ZEYTÄ°NLÄ° MAH.,37.1322,37.3961,Bus Stop
673,çAPALI MAH.,37.0032,37.4291,Bus Stop
674,TÖRELİ MAH.,37.0242,37.3121,Bus Stop
675,KAZIKLI MAH.,37.0452,37.3451,Bus Stop
676,KABCAGIZ MAH.,37.0662,37.3781,Bus Stop
677,PANCARLI MAH.,37.0872,37.4111,Bus Stop
678,KUMRU HAMURKESEN MAH.,37.1082,37.4441,Bus Stop
679,KILCAN MAH.,37.1292,37.3271,Bus Stop
680,çARDAK MAH.,37.0002,37.3601,Bus Stop
681,AKYAZI MAH.,37.0212,37.3931,Bus Stop
682,EKÄ°NLÄ° MAH.,37.0422,37.4261,Bus Stop
683,HACIKÖPRÜ MAH.,37.0632,37.3091,Bus Stop
684,YENİKÖY MAH.,37.0842,37.3421,Bus Stop
685,BOZCA MAH.,37.1052,37.3751,Bus Stop
686,çATALSU MAH.1,37.1262,37.4081,Bus Stop
687,çATALSU MAH. 2,36.9972,37.4411,Bus Stop
688,çAYBAŞI MAH.,37.0182,37.3241,Bus Stop
689,BAYRAMLI MAH.,37.0392,37.3571,Bus Stop
690,MERMERCÄ°LER SÄ°TESÄ°,37.0602,37.3901,Bus Stop
691,YENÄ° HUZUREVÄ°,37.0812,37.4231,Bus Stop
692,NAÄ°LBÄ°LEN CADDESÄ° 1,37.1022,37.3061,Bus Stop
693,NAÄ°LBÄ°LEN CADDESÄ° 2,37.1232,37.3391,Bus Stop
694,NAKLÄ°YATCILAR SÄ°TESÄ°,36.9942,37.3721,Bus Stop
696,FISTIKCILAR SÄ°TESÄ° 1.,37.0362,37.4381,Bus Stop
697,FISTIKçILAR SİTESİ 2.,37.0572,37.3211,Bus Stop
698,SEBZE HALÄ° 1.,37.0782,37.3541,Bus Stop
699,SEBZE HALÄ° 2.,37.0992,37.3871,Bus Stop
700,KÖRKÜN MAH.6,37.1202,37.4201,Bus Stop
703,GAZÄ°KENT 41 NOLU CAD.,37.0332,37.3691,Bus Stop
704,GAZÄ°KENT 19.NOLU CAD.,37.0542,37.4021,Bus Stop
705,ERİKçE GİRİŞ,37.0752,37.4351,Bus Stop
706,ARABAN YOLU SANAYÄ° KVŞ.,37.0962,37.3181,Bus Stop
707,NÄ°JMEGEN BLV.,37.1172,37.3511,Bus Stop
708,PÄ°R SULTAN 59079.NOLU CAD.,37.1382,37.3841,Bus Stop
709,8.ŞUBAT Ä°MAM HATÄ°P LÄ°SESÄ°,37.0092,37.4171,Bus Stop
711,ŞOFÖR ALİ CAD.1,37.0512,37.3331,Bus Stop
712,ŞOFÖR ALİ CAD.2,37.0722,37.3661,Bus Stop
714,ŞOFÖR ALİ CAD. 4,37.1142,37.4321,Bus Stop
715,BARAK MAH. 100.NOLU SOK.,37.1352,37.3151,Bus Stop
716,KIZILAY KANMERKEZÄ°,37.0062,37.3481,Bus Stop
718,KÖRKÜN MAH.1,37.0482,37.4141,Bus Stop
719,KÖRKÜN MAH.2,37.0692,37.4471,Bus Stop
720,SAVCILI KÄ°REMÄ°T CAD.,37.0902,37.3301,Bus Stop
722,MÜNİRE KEMAL KINOŞLU OKULU,37.1322,37.3961,Bus Stop
723,YAYLA KIRAATHANESÄ°,37.0032,37.4291,Bus Stop
724,CAN REKLAM,37.0242,37.3121,Bus Stop
725,DERMAN SAÄŞLIK KABÄ°NÄ°,37.0452,37.3451,Bus Stop
726,YUKARIBAYIR CERGÄ°BOZANLAR,37.0662,37.3781,Bus Stop
727,ZAFER DÜŞÜN SALONU,37.0872,37.4111,Bus Stop
729,Ä°STÄ°KLAL 33 NOLU SK.,37.1292,37.3271,Bus Stop
731,Ş.SERKAN PERÄ°ŞAN CAD.,37.0212,37.3931,Bus Stop
733,AMATEM,37.0632,37.3091,Bus Stop
734,ALİ İHSAN GÖGÜŞ CAD.,37.0842,37.3421,Bus Stop
735,DÜZTEPE 31.NOLU CAD.,37.1052,37.3751,Bus Stop
736,75.YIL MAH. ABDOVURMAZ PARKI,37.1262,37.4081,Bus Stop
737,KÖRKÜN MAH.10,36.9972,37.4411,Bus Stop
739,BEYZADE APT.,37.0392,37.3571,Bus Stop
740,T.O.P. FEN LÄ°SESÄ° SON DURAK,37.0602,37.3901,Bus Stop
741,KARATAŞ 103421.NOLU SOK.,37.0812,37.4231,Bus Stop
742,1. BÖLGE TOKİ,37.1022,37.3061,Bus Stop
743,HACİ MUSTAFA ÖRS CAMİİ,37.1232,37.3391,Bus Stop
744,KÜSKET SANAYİ SİTESİ 33.NOLU CAD.1,36.9942,37.3721,Bus Stop
745,KÜSKET SANAYİ SİTESİ 33.NOLU CAD.3,37.0152,37.4051,Bus Stop
747,KÜSKET SANAYİ SİTESİ 11.NOLU CAD.1,37.0572,37.3211,Bus Stop
748,KÜSKET SANAYİ SİTESİ 11.NOLU CAD.2,37.0782,37.3541,Bus Stop
749,KÜSKER SANAYİ SİTESİ GÖLLÜCE CAD.1,37.0992,37.3871,Bus Stop
750,KÜSKET SANAYİ SİTESİ GÖLLÜCE CAD.2,37.1202,37.4201,Bus Stop
751,KÜSKET SANAYİ SİTESİ 99.NOLU CAD.1,36.9912,37.3031,Bus Stop
752,KÜSKET SANAYİ SİTESİ 99.NOLU CAD.2,37.0122,37.3361,Bus Stop
753,GATEM ERDOGAN ERGÖNÜL CAD.1,37.0332,37.3691,Bus Stop
754,GATEM ERDOGAN ERGÖNÜL CAD.2,37.0542,37.4021,Bus Stop
755,GATEM ERDOGAN ERGÖNÜL CAD.3,37.0752,37.4351,Bus Stop
756,GATEM ERDOGAN ERGÖNÜL CAD.4,37.0962,37.3181,Bus Stop
757,GATEM ERDOGAN ERGÖNÜL CAD.5,37.1172,37.3511,Bus Stop
758,GATEM ERDOGAN ERGÖNÜL CAD.6,37.1382,37.3841,Bus Stop
759,GAZİKENT UZAY çATI PAZAR YERİ,37.0092,37.4171,Bus Stop
761,GAZÄ°KENT 16.NOLU CAD.,37.0512,37.3331,Bus Stop
763,MEZARLIK KAVŞAÄŞI,37.0932,37.3991,Bus Stop
764,TÜRKMENLER CAD.,37.1142,37.4321,Bus Stop
766,ÖZEL İDARE İ.Ö.OKULU,37.0062,37.3481,Bus Stop
768,ADSIZ ŞEHİTLER CAD.KÖŞE,37.0482,37.4141,Bus Stop
770,ADSIZ ŞEHÄ°TLER CADDESÄ°,37.0902,37.3301,Bus Stop
771,HASÄ°P DURRÄ° CAD.KVŞ.,37.1112,37.3631,Bus Stop
772,CUMHURÄ°YET AÄ°LE SAGLIK MERKEZÄ°,37.1322,37.3961,Bus Stop
774,LOHANZADE CAD.1,37.0242,37.3121,Bus Stop
775,LOHANZADE CAD.2,37.0452,37.3451,Bus Stop
776,CUMHURÄ°YET Ä°TFAÄ°YESÄ°,37.0662,37.3781,Bus Stop
778,Ä°STÄ°KLAL 48 NOLU SK,37.1082,37.4441,Bus Stop
780,Ä°STÄ°KLAL 12.NOLU CAD.KESÄ°ŞÄ°M,37.0002,37.3601,Bus Stop
781,Ä°STÄ°KLAL 86.NOLU CAD.1,37.0212,37.3931,Bus Stop
782,Ä°STÄ°KLAL 86.NOLU CAD.2,37.0422,37.4261,Bus Stop
783,Ä°STÄ°KLAL 86.NOLU CAD.3,37.0632,37.3091,Bus Stop
784,Ä°STÄ°KLAL 86.NOLU CAD.4,37.0842,37.3421,Bus Stop
785,YEŞÄ°LEVLER 109 NOLU CAD.,37.1052,37.3751,Bus Stop
787,YEŞÄ°LEVLER 14.NOLU SOKAK,36.9972,37.4411,Bus Stop
789,YEŞİLEVLER GÜLMÜŞ MARKET,37.0392,37.3571,Bus Stop
791,çAGDAŞ 16.NOLU CAD.,37.0812,37.4231,Bus Stop
793,çAGDAŞ 12.NOLU CAD.,37.1232,37.3391,Bus Stop
795,ERDEM KOLEJÄ° 72 NOLU C.1,37.0152,37.4051,Bus Stop
796,ERDEM KOLEJÄ° 72 NOLU C.2,37.0362,37.4381,Bus Stop
797,ERDEM KOLEJÄ° 72 NOLU C.3,37.0572,37.3211,Bus Stop
798,ERDEM KOLEJÄ° 72 NOLU C.4,37.0782,37.3541,Bus Stop
799,KARATAŞ 2 NÄ°ZAMKENT SÄ°TESÄ°,37.0992,37.3871,Bus Stop
801,Ä°NCÄ°LÄ°KAYASON DURAK,36.9912,37.3031,Bus Stop
802,KERSENTAŞ MAH.,37.0122,37.3361,Bus Stop
803,AŞAŞIGÜNEYSE MAH.,37.0332,37.3691,Bus Stop
804,PERLÄ°KAYA 16.NOLU CAD.,37.0542,37.4021,Bus Stop
806,TAZEOGLU SÄ°TESÄ°,37.0962,37.3181,Bus Stop
807,ULUCANLAR CAMÄ°Ä°,37.1172,37.3511,Bus Stop
808,MEHMET çOLAKOŞLU İ.Ö.O,37.1382,37.3841,Bus Stop
810,GÜVENEVLER 54.NOLU SOK.,37.0302,37.4501,Bus Stop
812,BÄ°NEVLER SOSYAL TESÄ°S,37.0722,37.3661,Bus Stop
813,MANOLYA EVLERÄ°,37.0932,37.3991,Bus Stop
815,CEMÄ°L SAÄ°T BARLAS CAD.,37.1352,37.3151,Bus Stop
816,Ä°CONOVA,37.0062,37.3481,Bus Stop
818,ÖZASLAN OKULLARI,37.0482,37.4141,Bus Stop
820,GÜçSÜZLER YURDU,37.0902,37.3301,Bus Stop
822,PERLÄ°KAYA DOLMUŞLARI SON DURAK,37.1322,37.3961,Bus Stop
823,60.YIL DOLMUŞLARI SON DURAK,37.0032,37.4291,Bus Stop
824,KARATAŞ SEMT PAZARI,37.0242,37.3121,Bus Stop
825,ERDEM KOLEJÄ° 72 NOLU CAD.5,37.0452,37.3451,Bus Stop
826,YEDÄ°TEPE EMLAK,37.0662,37.3781,Bus Stop
828,YEDÄ°TEPE 43.NOLU SOK.,37.1082,37.4441,Bus Stop
829,ŞHELL PETROL,37.1292,37.3271,Bus Stop
830,GÜVENEVLER 23.NOLU CAD.,37.0002,37.3601,Bus Stop
831,POLÄ°S OKULU LOJMANI,37.0212,37.3931,Bus Stop
832,LOHANZADE CAD.3,37.0422,37.4261,Bus Stop
833,LOHANZADE CAD.4,37.0632,37.3091,Bus Stop
834,ERDEM KOLEJÄ° 72 NOLU CAD.6,37.0842,37.3421,Bus Stop
835,LOHANZADE CAD.5,37.1052,37.3751,Bus Stop
836,14.NOLU CAD,37.1262,37.4081,Bus Stop
837,AŞIK MAHSUNÄ° ŞERÄ°F CAD.,36.9972,37.4411,Bus Stop
839,HAVALANI YOLU MERÄ°NOS KVŞ.,37.0392,37.3571,Bus Stop
841,TÄ°TÄ°ZLER CADDESÄ°,37.0812,37.4231,Bus Stop
842,YEŞÄ°LIRMAK CAD.,37.1022,37.3061,Bus Stop
844,ALİ NADİ ÜNLER BLV.,36.9942,37.3721,Bus Stop
845,25 ARALIK SANAYÄ° SÄ°TESÄ° SON DURAK,37.0152,37.4051,Bus Stop
846,Ä°NCÄ°LÄ°KAYA KAVŞAK,37.0362,37.4381,Bus Stop
849,ŞEHİT ÖMER HARUN DEMİR İMAM HATİP LİSESİ,37.0992,37.3871,Bus Stop
850,ORGANÄ°ZE SANAYÄ° .1,37.1202,37.4201,Bus Stop
851,ORGANÄ°ZE SANAYÄ° .2,36.9912,37.3031,Bus Stop
852,ORGANÄ°ZE SANAYÄ° Ä°TFAÄ°YE,37.0122,37.3361,Bus Stop
854,ORGANÄ°ZE SANAYÄ°.3,37.0542,37.4021,Bus Stop
855,ORGANÄ°ZE SANAYÄ°.4,37.0752,37.4351,Bus Stop
856,ŞÖLEN çİKOLATA,37.0962,37.3181,Bus Stop
858,KARAR HALI SQN DURAK,37.1382,37.3841,Bus Stop
859,OSB.36.NOLU DURAK,37.0092,37.4171,Bus Stop
860,OSB.43.NOLU DURAK,37.0302,37.4501,Bus Stop
861,OSB.37.NOLU DURAK,37.0512,37.3331,Bus Stop
862,OSB.42.NOLU DURAK,37.0722,37.3661,Bus Stop
863,25 ARALIK BAŞPINAR SONDURAK,37.0932,37.3991,Bus Stop
865,BAKSAN,37.1352,37.3151,Bus Stop
866,ULAŞLI MAH.,37.0062,37.3481,Bus Stop
867,HATUNLU MAH.,37.0272,37.3811,Bus Stop
868,GAZİ ALİ DÜŞÜN CAD.1,37.0482,37.4141,Bus Stop
869,GAZİ ALİ DÜŞÜN CAD.2,37.0692,37.4471,Bus Stop
871,GÜVENEVLER HAMİDİYE CAMMİ,37.1112,37.3631,Bus Stop
875,KARAYILAN ERSOY CAMÄ°Ä°,37.0452,37.3451,Bus Stop
877,DEDEMAN KVŞ.,37.0872,37.4111,Bus Stop
878,KAZIM KARA BEKİR İ.Ö.OKULU,37.1082,37.4441,Bus Stop
879,VATAN MAH.66.NOLU CAD.,37.1292,37.3271,Bus Stop
881,NARLI TEPE 30.NOLU CAD.1,37.0212,37.3931,Bus Stop
882,NARLI TEPE 30.NOLU CAD.2,37.0422,37.4261,Bus Stop
883,NARLI TEPE 30.NOLU CAD.3,37.0632,37.3091,Bus Stop
884,NARLI TEPE 30.NOLU CAD.4,37.0842,37.3421,Bus Stop
885,Ä°BRAHÄ°MLÄ° SON DURAK,37.1052,37.3751,Bus Stop
886,ÖZDEMİR BEY CADDESİ KAVŞAK,37.1262,37.4081,Bus Stop
888,BEYZADE KONAKLARI,37.0182,37.3241,Bus Stop
890,İBNİ SİNA GÜNSEV SİTESİ,37.0602,37.3901,Bus Stop
892,ŞÄ°RÄ°NEVLER MAH.YENÄ° KONUTLAR,37.1022,37.3061,Bus Stop
894,KARATAŞ 401.NOLU CAD.,36.9942,37.3721,Bus Stop
896,DÜZTEPE TUGAY GÜNEYKENT SON DURAK,37.0362,37.4381,Bus Stop
898,500.EVLER SEMBOL MARKETY,37.0782,37.3541,Bus Stop
899,AYŞE MUSTAFA SEVCAN İ.Ö.OKULU,37.0992,37.3871,Bus Stop
901,YEŞÄ°L KENT MEZARLIGI SON DURAK,36.9912,37.3031,Bus Stop
902,HOŞGÖR KURAN KURSU 3,37.0122,37.3361,Bus Stop
903,HOŞGÖR KURAN KURSU 4,37.0332,37.3691,Bus Stop
904,ESKİ OTOBÜS İŞLETMESİ,37.0542,37.4021,Bus Stop
906,DOKUCUN ANITI,37.0962,37.3181,Bus Stop
907,KEMAL KÖKER CADDESİ,37.1172,37.3511,Bus Stop
908,TCDD DEPO,37.1382,37.3841,Bus Stop
911,BAYAZHAN,37.0512,37.3331,Bus Stop
912,400.NOLU CADDE,37.0722,37.3661,Bus Stop
914,3.ORGANÄ°ZE SOSYAL TESÄ°SLERÄ°,37.1142,37.4321,Bus Stop
916,YEŞÄ°LKENT BAŞPINARSON DURAK,37.0062,37.3481,Bus Stop
917,YAMAçTEPE MAH.GİRİŞ,37.0272,37.3811,Bus Stop
918,ALLEBEN GÖLETİ,37.0482,37.4141,Bus Stop
920,GERCÄ°ÄŞÄ°N MAH.,37.0902,37.3301,Bus Stop
923,CEZAEVÄ° SON DURAK,37.0032,37.4291,Bus Stop
924,79 NOLU SOKAK,37.0242,37.3121,Bus Stop
926,NESRİN MEHMET ABAR İ.Ö.OKULU,37.0662,37.3781,Bus Stop
928,CİNDERESİ EMİNE ULUSOY İ.Ö.O,37.1082,37.4441,Bus Stop
929,MUHSÄ°N YAZICIOGLU PARKI,37.1292,37.3271,Bus Stop
930,11.NOLU SOKAK PARK,37.0002,37.3601,Bus Stop
931,BÜLBÜLZADE MAH.,37.0212,37.3931,Bus Stop
932,TAHTANÄ° CAMÄ°,37.0422,37.4261,Bus Stop
934,MEVLANA MAHALLESÄ° 98.NOLU CAD.1,37.0842,37.3421,Bus Stop
935,MEVLANA MAHALLESÄ° 98.NOLU CAD.2,37.1052,37.3751,Bus Stop
936,YÜKSEL ALTUN İNŞAAT,37.1262,37.4081,Bus Stop
937,ŞAHANLAR APT.,36.9972,37.4411,Bus Stop
938,RÜYA SİTESİ,37.0182,37.3241,Bus Stop
939,GÜNGÖR APT.,37.0392,37.3571,Bus Stop
940,TERAS EVLERÄ°,37.0602,37.3901,Bus Stop
941,GAZÄ°KENT GATEM KAVŞAGI,37.0812,37.4231,Bus Stop
942,ANAç YAPI SİTESİ,37.1022,37.3061,Bus Stop
943,ŞENYURT CAD.1.,37.1232,37.3391,Bus Stop
944,ŞENYURT CAD.2,36.9942,37.3721,Bus Stop
945,ŞENYURT CAD.3,37.0152,37.4051,Bus Stop
946,ŞENYURT CAD.4,37.0362,37.4381,Bus Stop
947,İNKİLAB İ.Ö.OKULU,37.0572,37.3211,Bus Stop
948,MUZAFFER HAFIZ CAD.,37.0782,37.3541,Bus Stop
949,KOç TAKSİLERİ,37.0992,37.3871,Bus Stop
950,DUMLUPINAR MAHALLESÄ° 106 NOLU SOKAK,37.1202,37.4201,Bus Stop
951,CEM EVÄ°,36.9912,37.3031,Bus Stop
952,YENÄ° CEZAEVÄ°,37.0122,37.3361,Bus Stop
953,TÄ°TÄ°Z CAD.,37.0332,37.3691,Bus Stop
954,DUMLUPINAR SOSYAL TESÄ°SLERÄ°,37.0542,37.4021,Bus Stop
956,DUMLUPINAR KAHRAMANLAR SOK.1,37.0962,37.3181,Bus Stop
958,DUMLUPINAR KAHRAMANLAR SOK.2,37.1382,37.3841,Bus Stop
960,MEHMET ERDEMOŞLU İ.Ö.OKULU,37.0302,37.4501,Bus Stop
961,GÖKçEK APT.,37.0512,37.3331,Bus Stop
962,BATALHÖYÜK CAMİİ,37.0722,37.3661,Bus Stop
964,Ä°NCÄ° KONUKOGLU LÄ°SESÄ°,37.1142,37.4321,Bus Stop
966,UMUT ÖZTÜRK İNŞAAT,37.0062,37.3481,Bus Stop
967,KILAVUZ MAH.,37.0272,37.3811,Bus Stop
968,DÄ°BECÄ°K MAH.,37.0482,37.4141,Bus Stop
969,ŞAHİNBEY MÜLK 3,37.0692,37.4471,Bus Stop
970,ŞAHİNBEY MÜLK 2,37.0902,37.3301,Bus Stop
971,Ä°KÄ°ZKUYU MAH.,37.1112,37.3631,Bus Stop
972,DERNEK MAH.,37.1322,37.3961,Bus Stop
973,TOSUNLU MAH.,37.0032,37.4291,Bus Stop
974,BEDİRKÖY MAH.MEYDAN,37.0242,37.3121,Bus Stop
975,ÖZDEMİRBEY CAD.,37.0452,37.3451,Bus Stop
976,ŞEHÄ°TKAMÄ°L KONUTLARI,37.0662,37.3781,Bus Stop
977,ÖNDER BİRLİK SİTESİ,37.0872,37.4111,Bus Stop
978,ŞEHİRGÖSTEREN VİLLALARI,37.1082,37.4441,Bus Stop
979,BÄ°LFEN OKULLARI,37.1292,37.3271,Bus Stop
980,AGA CAMÄ°Ä°,37.0002,37.3601,Bus Stop
981,CAHÄ°T NAKIBOGLU CAMÄ°Ä°,37.0212,37.3931,Bus Stop
982,Ö. ASIM AKSOY İ.Ö.O,37.0422,37.4261,Bus Stop
983,OSMANLI PARKI,37.0632,37.3091,Bus Stop
984,DUÄ°SBURG BLV.1,37.0842,37.3421,Bus Stop
985,DUÄ°SBURG SAÄŞLIKLI YAŞAM PARKI,37.1052,37.3751,Bus Stop
986,DUÄ°SBURG BLV.2,37.1262,37.4081,Bus Stop
987,DUÄ°SBURG BLV.3,36.9972,37.4411,Bus Stop
988,CEMÄ°L ALEVLÄ°,37.0182,37.3241,Bus Stop
989,M.UŞUR GÖŞÜŞ PARKI,37.0392,37.3571,Bus Stop
990,CELAL DOÄŞAN PARKI,37.0602,37.3901,Bus Stop
991,M.BİLAL GÖŞÜŞ PARKI,37.0812,37.4231,Bus Stop
992,EMEK SAÄŞLIK OCAÄŞI,37.1022,37.3061,Bus Stop
993,TOPCUOÄŞLU CAMÄ°Ä°,37.1232,37.3391,Bus Stop
994,SARI Ä°NCÄ° YEM FABRÄ°KASI,36.9942,37.3721,Bus Stop
995,GÜVENEVLER SARAY EVLERİ,37.0152,37.4051,Bus Stop
996,ESKÄ° TÄ°CARET LÄ°SESÄ°,37.0362,37.4381,Bus Stop
997,BEYDÄ°LLÄ° CAD.,37.0572,37.3211,Bus Stop
999,DEMOKRASÄ° MEYDANI,37.0992,37.3871,Bus Stop
1001,ESKİ çOCUK HST.,36.9912,37.3031,Bus Stop
1002,SSK DURAÄŞI,37.0122,37.3361,Bus Stop
1003,BALIKLI,37.0332,37.3691,Bus Stop
1004,KAMÄ°L OCAK MÄ°LLET BAHCESÄ°,37.0542,37.4021,Bus Stop
1005,EMNİYET MÜDÜRLÜŞÜ,37.0752,37.4351,Bus Stop
1006,YEŞÄ°LVADÄ° TOKÄ°,37.0962,37.3181,Bus Stop
1007,MİTAT ENç .2,37.1172,37.3511,Bus Stop
1008,Ö.ASIM AKSOY CADDESİ,37.1382,37.3841,Bus Stop
1009,MEHMET AKÄ°F ERSOY PARKI,37.0092,37.4171,Bus Stop
1010,TOPCUOÄŞLU CAMÄ°Ä° KARŞISI,37.0302,37.4501,Bus Stop
1012,M. BİLAL GÖŞÜŞ PARKI,37.0722,37.3661,Bus Stop
1014,AKIN BULGUR,37.1142,37.4321,Bus Stop
1016,DUÄ°SBURG BLV. 4,37.0062,37.3481,Bus Stop
1017,DUÄ°SBURG BLV. MUSTAFA TAŞAR PARKI,37.0272,37.3811,Bus Stop
1018,DUÄ°SBURG BLV. SAÄŞLIK YAŞAM PARKI,37.0482,37.4141,Bus Stop
1019,DUÄ°SBURG BLV. 5,37.0692,37.4471,Bus Stop
1020,çAŞLA SİTESİ,37.0902,37.3301,Bus Stop
1021,ÖMER ASIM AKSOY İ.Ö.OKULU,37.1112,37.3631,Bus Stop
1023,ABDULHAMÄ°T HAN SONDURAK,37.0032,37.4291,Bus Stop
1025,ŞEHİRGÖSTEREN MAH. VİLLALARI,37.0452,37.3451,Bus Stop
1027,MUSTAFA TAŞAR CAD.,37.0872,37.4111,Bus Stop
1028,ASKO Ä°NŞAAT,37.1082,37.4441,Bus Stop
1029,ENES BÄ°N MALÄ°K CAMÄ°Ä°,37.1292,37.3271,Bus Stop
1030,HASAN CELAL GÜZEL CAD.,37.0002,37.3601,Bus Stop
1031,EMÄ°NE NAKIBOGLU OKULU,37.0212,37.3931,Bus Stop
1032,SALKIM SÖŞÜT SİTESİ,37.0422,37.4261,Bus Stop
1033,BÜLENT GÖŞEBAKAN PARKI,37.0632,37.3091,Bus Stop
1034,SOYSAL APT. KARŞISI,37.0842,37.3421,Bus Stop
1035,74 NOLU CAD. 1,37.1052,37.3751,Bus Stop
1036,Ä°BRAHÄ°MLÄ° CERGÄ°BOZANLAR,37.1262,37.4081,Bus Stop
1037,ANNELER PARKI,36.9972,37.4411,Bus Stop
1038,Ä°NCÄ° SÄ°TESÄ°,37.0182,37.3241,Bus Stop
1039,HAYRÄ° AKINAL LÄ°SESÄ°,37.0392,37.3571,Bus Stop
1040,LEMAN APT.,37.0602,37.3901,Bus Stop
1041,YAŞAM SÄ°TESÄ°,37.0812,37.4231,Bus Stop
1042,ÖNDER PASTANESİ,37.1022,37.3061,Bus Stop
1043,25 ARALIK DEVLET HST.,37.1232,37.3391,Bus Stop
1044,SANKOPARK,36.9942,37.3721,Bus Stop
1045,YEŞÄ°L CAMÄ°Ä°,37.0152,37.4051,Bus Stop
1046,HOŞGÖR,37.0362,37.4381,Bus Stop
1047,19 MAYIS LÄ°SESÄ°,37.0572,37.3211,Bus Stop
1048,DEVLET MALZEME OFÄ°SÄ°,37.0782,37.3541,Bus Stop
1049,çOCUK POLİSİ,37.0992,37.3871,Bus Stop
1050,ŞEHİTKAMİL İ.Ö.O,37.1202,37.4201,Bus Stop
1051,OKçULAR CAMİİ,36.9912,37.3031,Bus Stop
1052,İSTİKLAL DÜŞÜN SALONU,37.0122,37.3361,Bus Stop
1053,HUZUR TAKSÄ°,37.0332,37.3691,Bus Stop
1054,HALK EKMEK,37.0542,37.4021,Bus Stop
1055,PIRLANTA DÜŞÜN SALONU,37.0752,37.4351,Bus Stop
1056,YAVUZ SULTAN SELÄ°M AL-PA,37.0962,37.3181,Bus Stop
1057,YAVUZ SULTAN SELÄ°M A 101,37.1172,37.3511,Bus Stop
1058,TUTLU KUYU,37.1382,37.3841,Bus Stop
1059,YAVUZ SULTAN SELÄ°M CAD. 1,37.0092,37.4171,Bus Stop
1060,GÖKKUŞAGI PLAZA,37.0302,37.4501,Bus Stop
1062,MAVÄ°KENT 1,37.0722,37.3661,Bus Stop
1063,MAVÄ°KENT 2,37.0932,37.3991,Bus Stop
1064,MAVÄ°KENT SANAYÄ° YOLU 1,37.1142,37.4321,Bus Stop
1065,MAVÄ°KENT SANAYÄ° YOLU 2,37.1352,37.3151,Bus Stop
1066,GÜNSEV İNŞAAT,37.0062,37.3481,Bus Stop
1067,ADAKULE Ä°NŞAAT,37.0272,37.3811,Bus Stop
1068,GÖKKUŞAŞI PLAZA,37.0482,37.4141,Bus Stop
1069,YAVUZ SULTAN SELÄ°M CAD 2,37.0692,37.4471,Bus Stop
1071,YAVUZ SULTAN SELÄ°M CAD A 101,37.1112,37.3631,Bus Stop
1072,YAVUZ SULTAN SELÄ°M CAD AL-PA,37.1322,37.3961,Bus Stop
1076,ZÜBEYDE HANIM ANA OKULU,37.0662,37.3781,Bus Stop
1078,ŞEHİTKAMİL İ.Ö.OKULU,37.1082,37.4441,Bus Stop
1082,ANTEP LÄ°SESÄ°,37.0422,37.4261,Bus Stop
1084,25 ARALIK DEVLET HASTANESÄ°,37.0842,37.3421,Bus Stop
1086,ZÜBEYDE HANIM BLV. HASIRCI İNŞAAT,37.1262,37.4081,Bus Stop
1088,DENÄ°Z APT.,37.0182,37.3241,Bus Stop
1089,MEHMET HAYRÄ° AKINAL LÄ°SESÄ°,37.0392,37.3571,Bus Stop
1094,ABDÜLKADİR GÜLLÜOGLU YURDU,36.9942,37.3721,Bus Stop
1095,HASAN CELAL GÜZEL CADDESİ 1,37.0152,37.4051,Bus Stop
1096,HASAN CELAL GÜZEL CADDESİ 2,37.0362,37.4381,Bus Stop
1098,M.EÄŞEMENLÄ°K BLV.,37.0782,37.3541,Bus Stop
1099,M.EŞEMENLİK ÖZGÜLER DONDURMA,37.0992,37.3871,Bus Stop
1100,KALYON KAVŞAÄŞI,37.1202,37.4201,Bus Stop
1101,FEVZİ çAKMAK BLV.,36.9912,37.3031,Bus Stop
1103,SUBAY EVLERÄ°,37.0332,37.3691,Bus Stop
1104,KAVAKLIK,37.0542,37.4021,Bus Stop
1105,ÖŞRETMEN EVLERİ,37.0752,37.4351,Bus Stop
1106,METEOROLOJÄ°,37.0962,37.3181,Bus Stop
1107,BÄ°NEVLER PTT,37.1172,37.3511,Bus Stop
1108,FISTIK PARK,37.1382,37.3841,Bus Stop
1109,FISTIK ARAŞTIRMA,37.0092,37.4171,Bus Stop
1110,BÄ°NEVLER,37.0302,37.4501,Bus Stop
1111,ŞAHÄ°NBEY POLÄ°S MERKEZÄ°,37.0512,37.3331,Bus Stop
1112,PAPAÄŞANLI DONDURMA,37.0722,37.3661,Bus Stop
1113,KEMAL BAYINDIR HASTANESÄ°,37.0932,37.3991,Bus Stop
1114,çEŞME DURAŞI,37.1142,37.4321,Bus Stop
1115,çEVİK KUVVET KAVŞAŞI,37.1352,37.3151,Bus Stop
1116,DUMLUPINAR MH.,37.0062,37.3481,Bus Stop
1117,ŞİRİNTEPE ÖŞRENCİ YURDU,37.0272,37.3811,Bus Stop
1118,KENT SÄ°TESÄ°,37.0482,37.4141,Bus Stop
1119,çINAR MARKET,37.0692,37.4471,Bus Stop
1120,ŞELALE PARK,37.0902,37.3301,Bus Stop
1121,çANKAYA PLAZA,37.1112,37.3631,Bus Stop
1122,çANKAYA SİTESİ,37.1322,37.3961,Bus Stop
1123,500 EVLER SAÄŞLIK OCAÄŞI,37.0032,37.4291,Bus Stop
1124,234 NOLU CAD.,37.0242,37.3121,Bus Stop
1125,ŞAHÄ°NBEY PARKI,37.0452,37.3451,Bus Stop
1126,DÄ°DEM EVLER,37.0662,37.3781,Bus Stop
1131,ŞAHİNBEY KÖY PAZARI,37.0212,37.3931,Bus Stop
1132,AYçA SİTESİ,37.0422,37.4261,Bus Stop
1135,237 NOLU CAD. PARK,37.1052,37.3751,Bus Stop
1137,çEŞME DURAGI,36.9972,37.4411,Bus Stop
1144,BÄ°NEVLER PTT.,36.9942,37.3721,Bus Stop
1148,SAM KÖY 1 NOLU CAD.,37.0782,37.3541,Bus Stop
1149,FEVZİ çAKMAK BLV.1,37.0992,37.3871,Bus Stop
1150,FEVZİ çAKMAK BLV.2,37.1202,37.4201,Bus Stop
1152,M.EGEMENLİK BLV. ÖZGÜLER DONDURMA,37.0122,37.3361,Bus Stop
1153,M.EGEMENLÄ°K BLV.,37.0332,37.3691,Bus Stop
1154,ADÄ°L KONUKOÄŞLU CAMÄ°Ä°,37.0542,37.4021,Bus Stop
1155,SELÄ°MÄ°YE MAH.,37.0752,37.4351,Bus Stop
1156,TURGAY SÄ°TESÄ°,37.0962,37.3181,Bus Stop
1159,ALÄ° ŞÄ°RNEVAÄ° CAD.1,37.0092,37.4171,Bus Stop
1160,S.HÄ°LMÄ° KIRŞAN CAMÄ°Ä°,37.0302,37.4501,Bus Stop
1161,ALÄ° ŞÄ°RNEVAÄ° CAD.2,37.0512,37.3331,Bus Stop
1162,DR. BEYHAN ASLAN APT.,37.0722,37.3661,Bus Stop
1163,ALÄ° FUAT BÄ°LEN PARKI,37.0932,37.3991,Bus Stop
1164,Ä°NCÄ°LÄ°KAYA 4 NOLU CADDE,37.1142,37.4321,Bus Stop
1165,Ä°NCÄ°LÄ°KAYA TAKSÄ°,37.1352,37.3151,Bus Stop
1166,YEŞÄ°LEVLER 109 NOLU SK,37.0062,37.3481,Bus Stop
1168,GAZÄ°ANTEP LÄ°SESÄ°,37.0482,37.4141,Bus Stop
1169,OYUNCAKÄ°STAN PARKI,37.0692,37.4471,Bus Stop
1170,HANİ ÖKSÜZ çAŞDAŞ APT.,37.0902,37.3301,Bus Stop
1171,ALÄ° ŞÄ°RNEVAÄ° CAD.3,37.1112,37.3631,Bus Stop
1172,SAÄ°ME HÄ°LMÄ° KIRŞAN CAMÄ°Ä°,37.1322,37.3961,Bus Stop
1173,ALÄ° ŞÄ°R NEVAÄ° CAD.4,37.0032,37.4291,Bus Stop
1174,MUHSÄ°N YAZICIOÄŞLU CAD.,37.0242,37.3121,Bus Stop
1175,74 NOLU CADDE,37.0452,37.3451,Bus Stop
1177,SAÄ°T BARLAS,37.0872,37.4111,Bus Stop
1178,BAZOÄŞLU SÄ°TESÄ°,37.1082,37.4441,Bus Stop
1179,SELÄ°MÄ°YE SAÄŞLIK OCAÄŞI,37.1292,37.3271,Bus Stop
1180,İSLAMİ BİLİMLER FAKÜLTESİ,37.0002,37.3601,Bus Stop
1181,BEYLERBEYÄ° OPET PETROL,37.0212,37.3931,Bus Stop
1182,BİNBAŞI DÜNDAR TAŞAR LİSESİ,37.0422,37.4261,Bus Stop
1183,OSKA BENÄ°M EVÄ°M SÄ°TESÄ°,37.0632,37.3091,Bus Stop
1185,ONKOLOJÄ° HASTANESÄ°,37.1052,37.3751,Bus Stop
1186,KÄ°LÄ°S KAVŞAGI,37.1262,37.4081,Bus Stop
1187,HALEP BULVARI,36.9972,37.4411,Bus Stop
1188,YEŞİL YAMAç SİTESİ,37.0182,37.3241,Bus Stop
1189,ENGELLÄ°LER PARKI,37.0392,37.3571,Bus Stop
1190,KARMEN çİçEK,37.0602,37.3901,Bus Stop
1191,OSMAN TEZEL,37.0812,37.4231,Bus Stop
1192,Ş.FAHRÄ° ŞAHÄ°N KONT. AMÄ°RLÄ°ÄŞÄ°,37.1022,37.3061,Bus Stop
1193,KAHRAMAN OPTÄ°K,37.1232,37.3391,Bus Stop
1194,FÄ°TNAT NURÄ° TEKEREKOÄŞLU LÄ°SESÄ°,36.9942,37.3721,Bus Stop
1195,SANÄ° KONUKOÄŞLU HASTANESÄ°,37.0152,37.4051,Bus Stop
1197,D.D.Y LOJÄ°STÄ°K,37.0572,37.3211,Bus Stop
1198,Ä°STASYON MEYDANI,37.0782,37.3541,Bus Stop
1201,GRAND HOTEL,36.9912,37.3031,Bus Stop
1204,HATİCE MUSTAFA GENçTEN LİSESİ,37.0542,37.4021,Bus Stop
1205,MİRKELAM GÖZ LAZER MERKEZİ,37.0752,37.4351,Bus Stop
1208,DENTALÄ°ZE,37.1382,37.3841,Bus Stop
1210,HARÄ°KALAR DÄ°YARI,37.0302,37.4501,Bus Stop
1211,GAZİANTEP ÜNİVERSİTESİ,37.0512,37.3331,Bus Stop
1212,YILDIZ Ä°NŞAAT,37.0722,37.3661,Bus Stop
1214,KÄ°LÄ°S KAVŞAÄŞI,37.1142,37.4321,Bus Stop
1216,ANTEPÄ°A,37.0062,37.3481,Bus Stop
1217,SELÄ°MÄ°YE SOSYAL TESÄ°SLERÄ°,37.0272,37.3811,Bus Stop
1218,TRAMVAY SON DURAÄŞI,37.0482,37.4141,Bus Stop
1219,KARATAŞ 2 Ä°Ş BANKASI,37.0692,37.4471,Bus Stop
1220,MANÄ°FATURACILAR SÄ°TESÄ°,37.0902,37.3301,Bus Stop
1221,Ä°PEKEVLER,37.1112,37.3631,Bus Stop
1222,GÜVEN EVLER 14. NOLU CAD.,37.1322,37.3961,Bus Stop
1223,YAREN SÄ°TESÄ°,37.0032,37.4291,Bus Stop
1224,SAM 8 NOLU SOKAK,37.0242,37.3121,Bus Stop
1225,SERÄ°NEVLER TOKÄ°,37.0452,37.3451,Bus Stop
1226,SERÄ°NEVLER MESCÄ°T,37.0662,37.3781,Bus Stop
1227,ARAFAT CAMÄ°Ä°,37.0872,37.4111,Bus Stop
1228,SERÄ°NEVLER UN DEÄŞÄ°RMENÄ°,37.1082,37.4441,Bus Stop
1229,SERÄ°NEVLER 82 NOLU CAD.,37.1292,37.3271,Bus Stop
1230,PERÄ°LÄ°KAYA SAÄŞLIK OCAÄŞI,37.0002,37.3601,Bus Stop
1231,16.NOLU CAD.,37.0212,37.3931,Bus Stop
1232,CENGÄ°Z TOPEL SANTRAL,37.0422,37.4261,Bus Stop
1233,ŞANLIDERE CAD. 1,37.0632,37.3091,Bus Stop
1234,ŞANLIDERE CAD.2,37.0842,37.3421,Bus Stop
1235,HATİCE KARSLIGİL İ.Ö.OKULU,37.1052,37.3751,Bus Stop
1236,GEYLANÄ° CAMÄ°Ä°,37.1262,37.4081,Bus Stop
1237,KENT AVM.,36.9972,37.4411,Bus Stop
1238,25.ARALIK İ.Ö.OKULU,37.0182,37.3241,Bus Stop
1239,ŞANLIDERE CADDESÄ° KAVŞAK,37.0392,37.3571,Bus Stop
1240,DERGAH DÜŞÜN SALONU,37.0602,37.3901,Bus Stop
1241,HÜRRİYET İ.Ö.OKULU,37.0812,37.4231,Bus Stop
1242,KURBANBABA GENçLİK MERKEZİ,37.1022,37.3061,Bus Stop
1243,MUHSÄ°N YAZICIOÄŞLU PARKI,37.1232,37.3391,Bus Stop
1244,MÄ°MAR SÄ°NAN,36.9942,37.3721,Bus Stop
1245,EŞKÄ°NÄ°N KAHVESÄ°,37.0152,37.4051,Bus Stop
1246,YEŞÄ°LEVLER MOBESE,37.0362,37.4381,Bus Stop
1247,YEŞÄ°LEVLER CAMÄ°Ä°,37.0572,37.3211,Bus Stop
1248,YEŞÄ°LEVLER AKDENÄ°Z POLÄ°KLÄ°NÄ°ÄŞÄ°,37.0782,37.3541,Bus Stop
1249,MERİNOS İ.Ö.OKULU,37.0992,37.3871,Bus Stop
1250,60.YIL SAÄŞLIK OCAÄŞI,37.1202,37.4201,Bus Stop
1251,HZ.TALHA CAMÄ°Ä°,36.9912,37.3031,Bus Stop
1252,60.YIL MAHALLESÄ°,37.0122,37.3361,Bus Stop
1253,KURTULUŞ İ.Ö.OKULU,37.0332,37.3691,Bus Stop
1254,ŞAFAK MARKET,37.0542,37.4021,Bus Stop
1255,DENÄ°Z SEMT PAZARI,37.0752,37.4351,Bus Stop
1258,KURTULUŞ İ.Ö. OKULU,37.1382,37.3841,Bus Stop
1262,ÖZ SABUNCUOŞLU YURDU,37.0722,37.3661,Bus Stop
1273,YAŞAM HASTANESÄ°,37.0032,37.4291,Bus Stop
1277,HATİCE KARSLİGİL İ.Ö.OKULU,37.0872,37.4111,Bus Stop
1278,ŞANLIDERE CADDESÄ°,37.1082,37.4441,Bus Stop
1279,CENGÄ°ZTOPEL SANTRAL,37.1292,37.3271,Bus Stop
1287,ABUZER GAFFARÄ° CAMÄ°Ä°,36.9972,37.4411,Bus Stop
1288,PERLÄ°KAYA,37.0182,37.3241,Bus Stop
1289,OCAKLAR SAGLIK OCAGI,37.0392,37.3571,Bus Stop
1290,Ä°BNÄ°SÄ°NA MAH.4,37.0602,37.3901,Bus Stop
1291,Ä°BNÄ°SÄ°NA MAH.1,37.0812,37.4231,Bus Stop
1292,GÜZELVADİ TOKİ EVLERİ,37.1022,37.3061,Bus Stop
1293,GÜZELVADİ SOSYAL TESİSLERİ,37.1232,37.3391,Bus Stop
1294,300 EVLER TOKÄ°,36.9942,37.3721,Bus Stop
1295,DUMLUPINAR SOSYAL TESÄ°SLERÄ° 2.,37.0152,37.4051,Bus Stop
1296,DUMLUPINAR 3 NOLU SAÄŞLIK OCAÄŞI,37.0362,37.4381,Bus Stop
1297,KAHVELÄ°PINAR PARKI,37.0572,37.3211,Bus Stop
1298,ULAŞ MAH.,37.0782,37.3541,Bus Stop
1299,PAŞA SAÄŞLIK KABÄ°NÄ°,37.0992,37.3871,Bus Stop
1300,GÜNEŞ IŞIKLAR,37.1202,37.4201,Bus Stop
1302,TÜLAY HATUN CEMİL USTA CAMİİ,37.0122,37.3361,Bus Stop
1303,CANLAR SAÄŞLIK KABÄ°NÄ°,37.0332,37.3691,Bus Stop
1305,HZ. MUSA CAMÄ°Ä°,37.0752,37.4351,Bus Stop
1306,DUMLUPINAR SOSYAL TESÄ°SLERÄ° 1.,37.0962,37.3181,Bus Stop
1307,HASAN HÜSEYİN CAMİİ,37.1172,37.3511,Bus Stop
1308,GÜZELVADİ,37.1382,37.3841,Bus Stop
1309,AçELYA VİLLALARI,37.0092,37.4171,Bus Stop
1315,BORSA CAMÄ°Ä°,37.1352,37.3151,Bus Stop
1316,FISTIKçILAR SİTESİ,37.0062,37.3481,Bus Stop
1317,GATEM GÄ°RÄ°ŞÄ°,37.0272,37.3811,Bus Stop
1318,ŞEHİTKAMİL PARK BAHçELER,37.0482,37.4141,Bus Stop
1320,OTOGAR,37.0902,37.3301,Bus Stop
1322,TURGUT ÖZAL BULVARI MOBESE,37.1322,37.3961,Bus Stop
1323,NURMUHAMMET CAMÄ°Ä°,37.0032,37.4291,Bus Stop
1324,KÜRŞAD TÜZMEN BLV. OLİ MARKET,37.0242,37.3121,Bus Stop
1327,M.DURAN DOÄŞMUŞ CAMÄ°Ä°,37.0872,37.4111,Bus Stop
1329,Ş.KAMİL PARK BAHçELER,37.1292,37.3271,Bus Stop
1330,SEBZE HALÄ°.1,37.0002,37.3601,Bus Stop
1333,MELÄ°SA AKAR PARKI,37.0632,37.3091,Bus Stop
1334,BÄ°RLÄ°K Ä°NŞAAT,37.0842,37.3421,Bus Stop
1335,çAMLICA ÖŞRENCİ YURDU,37.1052,37.3751,Bus Stop
1336,M.RÜŞTÜ UZEL END. MES. LİSESİ,37.1262,37.4081,Bus Stop
1337,ÖZDEMİRBEY CAD. 1,36.9972,37.4411,Bus Stop
1338,DÜZTEPE KARAKOL,37.0182,37.3241,Bus Stop
1339,77 NOLU CAD. TRAFO,37.0392,37.3571,Bus Stop
1340,77.NOLU CAD.KARDELEN Ä°NŞAAT,37.0602,37.3901,Bus Stop
1342,77 NOLU CAD. 2,37.1022,37.3061,Bus Stop
1343,160 NOLU CAD.,37.1232,37.3391,Bus Stop
1344,ŞÄ°FA ECZANESÄ°,36.9942,37.3721,Bus Stop
1345,GÜNEŞ MAH. SOSYAL TESİSLERİ,37.0152,37.4051,Bus Stop
1346,NEHİR DÜŞÜN SALONU,37.0362,37.4381,Bus Stop
1347,BÜLBÜLZADE MAH. MUHTARLIK,37.0572,37.3211,Bus Stop
1348,AYDEMÄ°R Ä°NŞAAT,37.0782,37.3541,Bus Stop
1349,HASÄ°P DURRÄ° CADDESÄ°,37.0992,37.3871,Bus Stop
1350,KARATAŞ MUHTARLIK,37.1202,37.4201,Bus Stop
1352,ALPET Ä°NŞAAT,37.0122,37.3361,Bus Stop
1353,10 NOLU CAD.,37.0332,37.3691,Bus Stop
1354,SAÄŞLAM Ä°NŞAAT,37.0542,37.4021,Bus Stop
1356,GÜNEŞ SOSYAL TESİSLERİ,37.0962,37.3181,Bus Stop
1358,GEYLANÄ° MAH.PARK,37.1382,37.3841,Bus Stop
1360,77 NOLU CAD. 1,37.0302,37.4501,Bus Stop
1363,BÄ°RLÄ°KTE AVM.,37.0932,37.3991,Bus Stop
1366,DÜZTEPE İ.Ö.OKULU,37.0062,37.3481,Bus Stop
1367,HACÄ° HALÄ°L CAMÄ°Ä°,37.0272,37.3811,Bus Stop
1368,ALİYE ÖMER BATTAL İ.Ö.OKULU,37.0482,37.4141,Bus Stop
1372,HZ. YAKUP CAMÄ°Ä°,37.1322,37.3961,Bus Stop
1373,VATAN MAH. 1,37.0032,37.4291,Bus Stop
1374,VATAN MAH. 2,37.0242,37.3121,Bus Stop
1375,VATAN MAH. 3,37.0452,37.3451,Bus Stop
1376,NARLITEPE MAH.,37.0662,37.3781,Bus Stop
1377,AHMET RIFAÄ° CAMÄ°Ä°,37.0872,37.4111,Bus Stop
1378,24 KASIM İ.Ö.OKULU,37.1082,37.4441,Bus Stop
1379,HZ.ÖMER CAMİİ,37.1292,37.3271,Bus Stop
1383,VATAN MAH. 4,37.0632,37.3091,Bus Stop
1384,TOKÄ° EVLERÄ°,37.0842,37.3421,Bus Stop
1385,VATAN MAH. 80 NOLU CAD.,37.1052,37.3751,Bus Stop
1386,VATAN MAH. 5,37.1262,37.4081,Bus Stop
1388,SEVÄ°MLÄ° EKMEK FIRINI,37.0182,37.3241,Bus Stop
1390,PERLÄ°KAYA SOSYAL TESÄ°SLERÄ°,37.0602,37.3901,Bus Stop
1392,PERLÄ°KAYA 58.NOLU SOK.,37.1022,37.3061,Bus Stop
1394,MUSTAFA MARONGOZ OKULU,36.9942,37.3721,Bus Stop
1396,PERLÄ°KAYA 30.NOLU CAD.,37.0362,37.4381,Bus Stop
1397,SERÄ°N EVLER TOKÄ° 1.,37.0572,37.3211,Bus Stop
1398,SERÄ°N EVLER TOKÄ° 2.,37.0782,37.3541,Bus Stop
1399,SERÄ°NEVLER SAÄŞLIK OCAÄŞI,37.0992,37.3871,Bus Stop
1400,SERÄ°NEVLER TOKÄ° 3.,37.1202,37.4201,Bus Stop
1401,SERÄ°NEVLER TOKÄ° 4.,36.9912,37.3031,Bus Stop
1403,YAGDÖVER MAH.MEYDAN,37.0332,37.3691,Bus Stop
1405,YAGDÖVER MAH.,37.0752,37.4351,Bus Stop
1406,LEFKOŞE CAD.,37.0962,37.3181,Bus Stop
1407,SAZGIN MAH.1,37.1172,37.3511,Bus Stop
1408,SAZGIN MAH.2,37.1382,37.3841,Bus Stop
1409,TAŞYAZI MAH.,37.0092,37.4171,Bus Stop
1410,GÜZELCE MAH.,37.0302,37.4501,Bus Stop
1411,ŞIHLAR MAH.1,37.0512,37.3331,Bus Stop
1412,GEDÄ°K MAH.,37.0722,37.3661,Bus Stop
1413,ŞIHLAR MAH.2,37.0932,37.3991,Bus Stop
1414,KÜç. KARACAÖREN MAH.,37.1142,37.4321,Bus Stop
1415,ARABLAR MAH.,37.1352,37.3151,Bus Stop
1416,ALTUNYURT MAH. MEZARLIK,37.0062,37.3481,Bus Stop
1417,ALTUNYURT CAMÄ°Ä°,37.0272,37.3811,Bus Stop
1418,ALTUN YURT YUKARI CAMMÄ°,37.0482,37.4141,Bus Stop
1419,OÄŞUZELÄ° YOLU BAG EVLERÄ°,37.0692,37.4471,Bus Stop
1421,HACİ ÖGÜCÜ CAMİİ,37.1112,37.3631,Bus Stop
1422,HACİ ÖŞÜCÜ CAMİİ,37.1322,37.3961,Bus Stop
1423,OÄŞUZELÄ° ASKERÄ°YE,37.0032,37.4291,Bus Stop
1424,OGUZELÄ° MEYDAN,37.0242,37.3121,Bus Stop
1425,OGUZELÄ° SAHRA MARKET,37.0452,37.3451,Bus Stop
1426,OGUZELİ FEVZİ çAKMAK CAD.,37.0662,37.3781,Bus Stop
1427,OGUZELÄ° ANADOLU LÄ°SESÄ°,37.0872,37.4111,Bus Stop
1428,YEŞÄ°LKENT MEZARLIK YOLU,37.1082,37.4441,Bus Stop
1429,OGUZELİ ÜNÜVERSİTE,37.1292,37.3271,Bus Stop
1431,OGUZELÄ° TERLEMEZ PÄ°DE FIRINI,37.0212,37.3931,Bus Stop
1432,ESKÄ° NÄ°ZÄ°P YOLU,37.0422,37.4261,Bus Stop
1433,OÄŞUZELÄ° KAYMAKAMLIK,37.0632,37.3091,Bus Stop
1434,KAVUNLUK MAH.,37.0842,37.3421,Bus Stop
1435,SERGÄ°LÄ° MAH.,37.1052,37.3751,Bus Stop
1437,DUTLUCA MAH.,36.9972,37.4411,Bus Stop
1438,TINAZDERE MAH.,37.0182,37.3241,Bus Stop
1439,DOKUZYOL MAH.,37.0392,37.3571,Bus Stop
1440,ACAR MAH.,37.0602,37.3901,Bus Stop
1441,DÄ°REKLÄ° MAH.,37.0812,37.4231,Bus Stop
1442,UÄŞUROVA MAH.,37.1022,37.3061,Bus Stop
1443,KEçİKUYUSU MAH.,37.1232,37.3391,Bus Stop
1444,YEŞÄ°DERE MAH.,36.9942,37.3721,Bus Stop
1445,Ä°NCÄ°LÄ°KAYA TOKÄ°,37.0152,37.4051,Bus Stop
1447,YEŞÄ°LDERE MAH. MEZARLIK,37.0572,37.3211,Bus Stop
1448,OÄŞUZELÄ° KAVŞAÄŞI,37.0782,37.3541,Bus Stop
1450,EYUB SULTAN SOSYAL TESÄ°SLERÄ°,37.1202,37.4201,Bus Stop
1452,SUDEPOSU 19.NOLU CAD.,37.0122,37.3361,Bus Stop
1454,ŞEHÄ°T PÄ°DE CAD.,37.0542,37.4021,Bus Stop
1455,YOÄŞUNTAŞ MAH.,37.0752,37.4351,Bus Stop
1456,MEHMET SOLMAZ PARKI,37.0962,37.3181,Bus Stop
1459,LEFKOŞE CAD.1,37.0092,37.4171,Bus Stop
1460,LEFKOŞE CAD.2,37.0302,37.4501,Bus Stop
1461,LEFKOŞE CAD.3,37.0512,37.3331,Bus Stop
1462,SEDEF POLÄ°KLÄ°NÄ°GÄ°,37.0722,37.3661,Bus Stop
1464,TÜLKAHVESİ,37.1142,37.4321,Bus Stop
1466,FATÄ°H YILDIZ PARKI,37.0062,37.3481,Bus Stop
1468,KARAOGLANOGLU CAD.TÜLKAHVESİ,37.0482,37.4141,Bus Stop
1470,KAYAÖNÜ MAHALLESİ MEYDAN,37.0902,37.3301,Bus Stop
1472,KAYAÖNÜ MAHALLESİ KAVŞAK,37.1322,37.3961,Bus Stop
1474,AKDENÄ°Z TOPRAK ANALÄ°Z MRK.,37.0242,37.3121,Bus Stop
1475,İPEKYOLU ATATÜRK SPOR MERKEZİ,37.0452,37.3451,Bus Stop
1476,53 NOLU CADDE 1,37.0662,37.3781,Bus Stop
1477,53 NOLU CADDE 2,37.0872,37.4111,Bus Stop
1478,53 NOLU CADDE MEYDAN,37.1082,37.4441,Bus Stop
1480,53 NOLU CADDE ZEUGMA BÄ°LGÄ°SAYAR,37.0002,37.3601,Bus Stop
1481,TOPCUOÄŞLU TOFAŞ,37.0212,37.3931,Bus Stop
1482,ATATÜRK SPOR MERKEZİ,37.0422,37.4261,Bus Stop
1483,Ä°PEKYOLU MEDÄ°KAL PARK,37.0632,37.3091,Bus Stop
1484,KATÄ°B HOCA CAD.1,37.0842,37.3421,Bus Stop
1485,KATÄ°P HOCA CAD.2,37.1052,37.3751,Bus Stop
1486,KATÄ°B HOCA CAD.3,37.1262,37.4081,Bus Stop
1487,KATÄ°P HOCA CAD.4,36.9972,37.4411,Bus Stop
1488,AYDINTEPE SOSYAL TESÄ°SLERÄ°,37.0182,37.3241,Bus Stop
1490,VÄ°A GARDEN SÄ°TESÄ°,37.0602,37.3901,Bus Stop
1491,KAMÄ°L ŞERBETCÄ° PARKI,37.0812,37.4231,Bus Stop
1492,MUAMMER AKSOY BLV.,37.1022,37.3061,Bus Stop
1493,PANOROMA MÜZESİ,37.1232,37.3391,Bus Stop
1494,DOKURCUN ANITI,36.9942,37.3721,Bus Stop
1495,M.AKÄ°F ERSOY EN.MES.LÄ°SESÄ° 1.,37.0152,37.4051,Bus Stop
1496,MÜTERCİM ASIM İ.Ö.OKULU,37.0362,37.4381,Bus Stop
1497,BOZGEYÄ°K CAMII,37.0572,37.3211,Bus Stop
1498,çIKSORUT CAMİİ,37.0782,37.3541,Bus Stop
1499,TÜFEKçİ YUSUF BLV. AYINTAP PARK,37.0992,37.3871,Bus Stop
1500,M.AKÄ°F ERSOY END.MES.LÄ°SESÄ° 2.,37.1202,37.4201,Bus Stop
1501,M.AKÄ°F ERSOY END.MES.LÄ°SESÄ° 3.,36.9912,37.3031,Bus Stop
1502,DEREKENARI SOKAK TRAFO,37.0122,37.3361,Bus Stop
1503,DOKUR MAH.,37.0332,37.3691,Bus Stop
1504,KÜBRA TELEKOM,37.0542,37.4021,Bus Stop
1506,MORCALI MAH.,37.0962,37.3181,Bus Stop
1507,BURHAN SOKAK,37.1172,37.3511,Bus Stop
1508,CEVÄ°ZLÄ° MAH.1,37.1382,37.3841,Bus Stop
1509,KIBRIS İ.Ö.OKULU,37.0092,37.4171,Bus Stop
1510,UGURTEPE MAH.,37.0302,37.4501,Bus Stop
1511,72 NOLU CADDE 4.,37.0512,37.3331,Bus Stop
1512,M.AKİF İ.Ö.OKULU,37.0722,37.3661,Bus Stop
1513,GÄ°RNE 12.NOLU SOK.,37.0932,37.3991,Bus Stop
1514,CEVÄ°ZLÄ° MAH.3,37.1142,37.4321,Bus Stop
1515,GÄ°RNE SAGLIKOCAGI,37.1352,37.3151,Bus Stop
1516,GÜLLÜCE MAH.,37.0062,37.3481,Bus Stop
1517,BATMAZOGLU CAMÄ°Ä°,37.0272,37.3811,Bus Stop
1519,KÜSKET İTFAİYE,37.0692,37.4471,Bus Stop
1520,KOSKEP,37.0902,37.3301,Bus Stop
1521,MADBACILAR SÄ°TESÄ°,37.1112,37.3631,Bus Stop
1522,BARAN TARIM MAKÄ°NALARI,37.1322,37.3961,Bus Stop
1523,YAKACAK PAZARI CAMÄ°Ä°,37.0032,37.4291,Bus Stop
1524,TAŞLICA YOL çATI,37.0242,37.3121,Bus Stop
1525,TAŞLICA MAH.1,37.0452,37.3451,Bus Stop
1526,TAŞLICA MAH.2,37.0662,37.3781,Bus Stop
1527,TAŞLICA MAH.3,37.0872,37.4111,Bus Stop
1528,TAŞLICA MAH.4,37.1082,37.4441,Bus Stop
1532,OZANLI MAH.,37.0422,37.4261,Bus Stop
1533,UFACIK MAM.,37.0632,37.3091,Bus Stop
1534,GOODYER LASTÄ°K,37.0842,37.3421,Bus Stop
1535,KÜSKER İTFAİYE,37.1052,37.3751,Bus Stop
1536,BEYLERBEYÄ° MEYDAN 1.,37.1262,37.4081,Bus Stop
1537,BEYLERBEYÄ° MEYDAN 2.,36.9972,37.4411,Bus Stop
1538,BEYLERBEYÄ° MEYDAN 3.,37.0182,37.3241,Bus Stop
1539,DOGANCA MAH.,37.0392,37.3571,Bus Stop
1540,DÜLÜK MAH.1,37.0602,37.3901,Bus Stop
1541,HACİKÖY MAH.,37.0812,37.4231,Bus Stop
1542,DÜLÜK MAH.2,37.1022,37.3061,Bus Stop
1543,UGURTEPE MAH.1,37.1232,37.3391,Bus Stop
1545,DÜLÜK MAH.3,37.0152,37.4051,Bus Stop
1546,BEYLERBEYİ MAH.çIKIŞI,37.0362,37.4381,Bus Stop
1547,TÜFEKçİ YUSUF BLV.,37.0572,37.3211,Bus Stop
1549,HAMDÄ° KUTLAR CAD.TOPLUM PLS.,37.0992,37.3871,Bus Stop
1550,MAGRABAŞI,37.1202,37.4201,Bus Stop
1551,EMNÄ°YET SAGLIK OCAGI,36.9912,37.3031,Bus Stop
1552,BOYACI CAMÄ°Ä°,37.0122,37.3361,Bus Stop
1554,ET HALÄ°,37.0542,37.4021,Bus Stop
1555,KALE ALTI,37.0752,37.4351,Bus Stop
1556,YAPRAK MAH. MUHTARLIK,37.0962,37.3181,Bus Stop
1557,POLÄ°S OKULU,37.1172,37.3511,Bus Stop
1559,ESKO SÄ°TESÄ°,37.0092,37.4171,Bus Stop
1560,KAYAÖNÜ ERSİN ASLAN PARKI,37.0302,37.4501,Bus Stop
1562,YIGINLI İ.Ö.OKULU,37.0722,37.3661,Bus Stop
1563,çÖREKLİ MAH.,37.0932,37.3991,Bus Stop
1564,YIGINLI MAH MEYDAN,37.1142,37.4321,Bus Stop
1565,ÜLKERLİ MAH.,37.1352,37.3151,Bus Stop
1566,AKCAGÖZE MAH.,37.0062,37.3481,Bus Stop
1567,Ä°NCESU MAH.,37.0272,37.3811,Bus Stop
1568,SEYMENLÄ° MAH.,37.0482,37.4141,Bus Stop
1569,AKCABURC MAH.,37.0692,37.4471,Bus Stop
1570,KIZIK HAMURKESEN MAH.,37.0902,37.3301,Bus Stop
1571,YUKARI Ä°MOLAR MAH.,37.1112,37.3631,Bus Stop
1572,HAVALÄ°MANI GÄ°RÄ°Ş,37.1322,37.3961,Bus Stop
1573,SUBAGI MAH.,37.0032,37.4291,Bus Stop
1574,HAVALİMANI çIKIŞ,37.0242,37.3121,Bus Stop
1575,YEŞERTÄ° MAH.,37.0452,37.3451,Bus Stop
1576,OÄŞUZELÄ° MEZARLIK,37.0662,37.3781,Bus Stop
1577,KIRACGÜLÜ MAH.,37.0872,37.4111,Bus Stop
1578,KARASAKAL MAH.,37.1082,37.4441,Bus Stop
1579,BELÖREN MAH.,37.1292,37.3271,Bus Stop
1580,çAYKUYU MAH.1,37.0002,37.3601,Bus Stop
1581,çAYKUYU MAH.2,37.0212,37.3931,Bus Stop
1582,UGRUCA MAH.,37.0422,37.4261,Bus Stop
1583,YAYIKTAŞ MAH.,37.0632,37.3091,Bus Stop
1584,TERKÄ°SÄ°N MAH.,37.0842,37.3421,Bus Stop
1585,Ä°KÄ°ZCE MAH.,37.1052,37.3751,Bus Stop
1586,çAMURLU MAH.,37.1262,37.4081,Bus Stop
1587,KESÄ°KTAŞ MAH.,36.9972,37.4411,Bus Stop
1588,KOçLU MAH.,37.0182,37.3241,Bus Stop
1589,YAVUZELÄ° JANDARMA,37.0392,37.3571,Bus Stop
1590,YAVUZELÄ° BELEDÄ°YESÄ°,37.0602,37.3901,Bus Stop
1591,YAVUZELÄ°,37.0812,37.4231,Bus Stop
1593,YAVUZELİ çIKIŞ,37.1232,37.3391,Bus Stop
1594,YAVUZELÄ° GÄ°RÄ°Ş,36.9942,37.3721,Bus Stop
1595,KARABEYKÖYÜ,37.0152,37.4051,Bus Stop
1596,BÜYÜK KARAKUYU KÖYÜ 1,37.0362,37.4381,Bus Stop
1597,BÜYÜK KARAKUYU KÖYÜ 2,37.0572,37.3211,Bus Stop
1598,KAŞYOLU MAH.,37.0782,37.3541,Bus Stop
1599,GÜNGÜRGE,37.0992,37.3871,Bus Stop
1600,KARAHÖYÜK MAH.,37.1202,37.4201,Bus Stop
1601,EKÄ°NVEREN MAH.,36.9912,37.3031,Bus Stop
1602,ATABEK MAH.,37.0122,37.3361,Bus Stop
1603,GÖKçELİ MAH.,37.0332,37.3691,Bus Stop
1604,ÖVÜNDÜK MAH.,37.0542,37.4021,Bus Stop
1605,GÖKSÜNCÜK MAH.,37.0752,37.4351,Bus Stop
1606,BEDİRKÖY MAH.,37.0962,37.3181,Bus Stop
1607,SUBOGAZ MAH.,37.1172,37.3511,Bus Stop
1608,AKCAKÖY MAH.,37.1382,37.3841,Bus Stop
1609,KOZLUYAZI MAH.,37.0092,37.4171,Bus Stop
1610,TUGLU MAH.,37.0302,37.4501,Bus Stop
1611,BEYRELÄ° MAH.,37.0512,37.3331,Bus Stop
1612,SOYLU MAH.,37.0722,37.3661,Bus Stop
1613,BOZOBASI MAH.,37.0932,37.3991,Bus Stop
1614,ŞENLÄ°K MAH.,37.1142,37.4321,Bus Stop
1615,TOTAL PETROL,37.1352,37.3151,Bus Stop
1616,çİFLİKKÖYMAH.1,37.0062,37.3481,Bus Stop
1617,TOKDEMÄ°R MAH.,37.0272,37.3811,Bus Stop
1618,KABASAKIZ MAH.,37.0482,37.4141,Bus Stop
1619,BOYLUCA MAH.,37.0692,37.4471,Bus Stop
1620,ADAKLI MAH.1,37.0902,37.3301,Bus Stop
1621,ADAKLI MAH.2,37.1112,37.3631,Bus Stop
1622,ADAKLI MAH.3,37.1322,37.3961,Bus Stop
1623,TATLICAK MAH.1,37.0032,37.4291,Bus Stop
1624,SALKIM MAH.1,37.0242,37.3121,Bus Stop
1625,SALKIM MAH.2,37.0452,37.3451,Bus Stop
1626,BATTAL MAH.,37.0662,37.3781,Bus Stop
1627,ARIL MAH.3,37.0872,37.4111,Bus Stop
1628,KARATAŞ MAH.,37.1082,37.4441,Bus Stop
1629,ARIL MAH.2,37.1292,37.3271,Bus Stop
1630,ARIL MAH.1,37.0002,37.3601,Bus Stop
1631,YAKACIK MAH.1,37.0212,37.3931,Bus Stop
1632,BÄ°LEK MAH.1,37.0422,37.4261,Bus Stop
1633,GÜNDOŞAN MAH.,37.0632,37.3091,Bus Stop
1634,BÄ°LEK MAH.GÄ°RÄ°ŞÄ°,37.0842,37.3421,Bus Stop
1635,KOçAKLAR MAH.,37.1052,37.3751,Bus Stop
1636,OŞUZELİ Y.Ö.K YURDU,37.1262,37.4081,Bus Stop
1637,DAYIDAÄŞI MAH.,36.9972,37.4411,Bus Stop
1638,TATLICAK MAH.2,37.0182,37.3241,Bus Stop
1639,GÜDER MAH.,37.0392,37.3571,Bus Stop
1640,GAZİ ALİ DÜŞÜN CAD.,37.0602,37.3901,Bus Stop
1641,KONAKLI MEZRASI OTOYOL,37.0812,37.4231,Bus Stop
1642,HAYVAN PAZARI 1,37.1022,37.3061,Bus Stop
1643,KIRATLI BESÄ°CÄ°LÄ°K,37.1232,37.3391,Bus Stop
1644,ESKÄ° NÄ°ZÄ°P YOLU 1.,36.9942,37.3721,Bus Stop
1645,OÄŞUZELÄ° M.KEMAL BLV.,37.0152,37.4051,Bus Stop
1647,SÄ°NAN MAH.,37.0572,37.3211,Bus Stop
1648,KEçEBAŞ MAH.,37.0782,37.3541,Bus Stop
1649,Ä°BRAHÄ°MŞEHÄ°R MAH.,37.0992,37.3871,Bus Stop
1650,KÜLLÜ MAH.,37.1202,37.4201,Bus Stop
1651,çATALçAM MAH.,36.9912,37.3031,Bus Stop
1652,KOVANLI MAH.,37.0122,37.3361,Bus Stop
1653,GAZÄ°LER SÄ°TESÄ°,37.0332,37.3691,Bus Stop
1655,ORTA DOÄŞU FUAR MERKEZÄ°,37.0752,37.4351,Bus Stop
1656,ESKÄ° NÄ°ZÄ°P YOLU 2.,37.0962,37.3181,Bus Stop
1657,OÄŞUZELÄ° KIZ YURDU,37.1172,37.3511,Bus Stop
1658,NİLÜFER KIZ ÖŞRENCİ YURDU,37.1382,37.3841,Bus Stop
1660,MAVİKENT İ.Ö.OKULU,37.0302,37.4501,Bus Stop
1661,OSMANLI MAH.,37.0512,37.3331,Bus Stop
1662,OŞUZELİ ÜNİVERSİTE,37.0722,37.3661,Bus Stop
1663,ALMÄ°RA SÄ°TESÄ°,37.0932,37.3991,Bus Stop
1667,SAFÄ°RPARK SÄ°TESÄ°,37.0272,37.3811,Bus Stop
1669,BÜYÜKPINAR MAH.,37.0692,37.4471,Bus Stop
1670,TÜM YAZILI MAH.,37.0902,37.3301,Bus Stop
1671,BURAK MAH. 29 NOLU CAD. 2,37.1112,37.3631,Bus Stop
1672,BURAK MAH. 29 NOLU CAD. 3,37.1322,37.3961,Bus Stop
1675,ABDULLAH DAÄ° CAMÄ°Ä°,37.0452,37.3451,Bus Stop
1677,T.M.O,37.0872,37.4111,Bus Stop
1679,KADI DEGÄ°RMENÄ°,37.1292,37.3271,Bus Stop
1680,77 NOLU CAD.5,37.0002,37.3601,Bus Stop
1681,HANİFİ YÜCELER CAD. 2,37.0212,37.3931,Bus Stop
1682,OÄŞUZELÄ° YOLU,37.0422,37.4261,Bus Stop
1683,ÜNALDI PTT,37.0632,37.3091,Bus Stop
1684,CÄ°NDERESÄ° 47.NOLU CAD.,37.0842,37.3421,Bus Stop
1686,TANER NACAR APT.,37.1262,37.4081,Bus Stop
1688,SEYRANTEPE SEMBOL MARKET,37.0182,37.3241,Bus Stop
1689,AKKENT 12 NOLU CAD. 1,37.0392,37.3571,Bus Stop
1690,AKKENT 12 NOLU CAD. 2,37.0602,37.3901,Bus Stop
1691,çAMLITEPE MAHALLESİ MUHTARLIK,37.0812,37.4231,Bus Stop
1693,HACIBABA MAH. 1,37.1232,37.3391,Bus Stop
1694,ZİYA GÖKALP İ.Ö.OKULU,36.9942,37.3721,Bus Stop
1695,GAZÄ°KENT 19 NOLU CAD.,37.0152,37.4051,Bus Stop
1696,OÄŞUZELÄ° ENNE APT.,37.0362,37.4381,Bus Stop
1697,BURAK MAH. 29 NOLU CAD. 1,37.0572,37.3211,Bus Stop
1698,BELKIZ MAH. AYALP Ä°NŞAAT,37.0782,37.3541,Bus Stop
1700,GAZÄ°KENT 26 NOLU CAD. 1,37.1202,37.4201,Bus Stop
1701,GAZÄ°KENT 26 NOLU CAD. 2,36.9912,37.3031,Bus Stop
1702,26 NOLU CAD.2,37.0122,37.3361,Bus Stop
1703,26 NOLU CAD.3,37.0332,37.3691,Bus Stop
1705,CÄ°NDERESÄ° 99.NOLU.CAD.,37.0752,37.4351,Bus Stop
1707,YÜKSELEN KULELER,37.1172,37.3511,Bus Stop
1708,BAHATTİN TEYMUR İ.Ö.OKULU,37.1382,37.3841,Bus Stop
1710,GÜNEŞ MAH. RAMPA,37.0302,37.4501,Bus Stop
1712,BEYLERBEYÄ° 22 NOLU CAD. 1,37.0722,37.3661,Bus Stop
1713,BEYLERBEYÄ° 22 NOLU CAD. 2,37.0932,37.3991,Bus Stop
1714,BEYLERBEYÄ° 47 NOLU CAD.,37.1142,37.4321,Bus Stop
1715,TÜFEKçİ YUSUF BLV PTT,37.1352,37.3151,Bus Stop
1716,AKTOPRAK KOLUMAN,37.0062,37.3481,Bus Stop
1717,AKTOPRAK LÄ°SE,37.0272,37.3811,Bus Stop
1718,AKTOPRAK CAMÄ°Ä°,37.0482,37.4141,Bus Stop
1719,AKTOPRAK SOSYAL TESÄ°SLERÄ°,37.0692,37.4471,Bus Stop
1720,AKTOPRAK,37.0902,37.3301,Bus Stop
1721,AKTOPRAK SON DURAK,37.1112,37.3631,Bus Stop
1723,AKTOPRAK GASKÄ°,37.0032,37.4291,Bus Stop
1724,OÄŞUZELÄ° UÄŞUR MERMER Ä°NŞAAT,37.0242,37.3121,Bus Stop
1725,HAVALÄ°MANI YOLU,37.0452,37.3451,Bus Stop
1726,OÄŞUZELÄ° NEVA APT.,37.0662,37.3781,Bus Stop
1727,MAVÄ°KENT 4.ETAP,37.0872,37.4111,Bus Stop
1728,DOÄŞA KOLEJÄ°,37.1082,37.4441,Bus Stop
1729,SULUDERE PARK BAHCELER,37.1292,37.3271,Bus Stop
1730,BATALHÖYÜK MAH.,37.0002,37.3601,Bus Stop
1731,BATALHÖYÜK PARK,37.0212,37.3931,Bus Stop
1732,YEŞÄ°LEVLER 150 NOLU CAD.,37.0422,37.4261,Bus Stop
1733,86.NOLU CAD.,37.0632,37.3091,Bus Stop
1734,109.NOLU CAD.,37.0842,37.3421,Bus Stop
1735,109. NOLU CAD.,37.1052,37.3751,Bus Stop
1737,LALE SÄ°TESÄ°,36.9972,37.4411,Bus Stop
1738,KAŞKARLI MAHMUT İ.Ö.OKULU,37.0182,37.3241,Bus Stop
1739,SAHA RESTAURANT,37.0392,37.3571,Bus Stop
1740,AKTOPRAK PETROL,37.0602,37.3901,Bus Stop
1742,HOŞGÖR CAMİİ,37.1022,37.3061,Bus Stop
1743,BURAK MAH. 33 NOLU CAD.,37.1232,37.3391,Bus Stop
1744,BEYLERBEYÄ° KAVŞAK,36.9942,37.3721,Bus Stop
1746,KARANFÄ°L SÄ°TESÄ°,37.0362,37.4381,Bus Stop
1747,YUKARI BAYIR MUHTARLIK,37.0572,37.3211,Bus Stop
1750,NÄ°ZAMOÄŞLU SÄ°TESÄ°,37.1202,37.4201,Bus Stop
1752,CELAL DOÄŞAN TESÄ°SLERÄ°,37.0122,37.3361,Bus Stop
1754,HAVALÄ°MANI KAVŞAÄŞI,37.0542,37.4021,Bus Stop
1756,ŞEHÄ°TKAMÄ°L NÄ°KAH SALONU,37.0962,37.3181,Bus Stop
1757,MERVEŞEHÄ°R 49021 CAD. 1,37.1172,37.3511,Bus Stop
1758,MERVEŞEHÄ°R 49021 CAD. 2,37.1382,37.3841,Bus Stop
1759,MERVEŞEHÄ°R 49021 CAD. 3,37.0092,37.4171,Bus Stop
1760,MERVEŞEHÄ°R 49021 CAD. 4,37.0302,37.4501,Bus Stop
1762,KOç TAHİR GEçİDİ,37.0722,37.3661,Bus Stop
1763,OSMAN GAZÄ° MAH.88.NOLU CAD.,37.0932,37.3991,Bus Stop
1764,Ä°MKB ANADOLU LÄ°SESÄ°,37.1142,37.4321,Bus Stop
1766,AHMET ERCAN CAMÄ°Ä°,37.0062,37.3481,Bus Stop
1767,SEYRANTEPE 10.NOLU CAD.,37.0272,37.3811,Bus Stop
1769,ŞÄ°RÄ°NEVLER TOKÄ°,37.0692,37.4471,Bus Stop
1770,SAFAŞEHÄ°R,37.0902,37.3301,Bus Stop
1771,BURç ÖZLEM MARKET,37.1112,37.3631,Bus Stop
1772,KALE BOYNU MAH.,37.1322,37.3961,Bus Stop
1774,SELÄ°MÄ°YE SAGLIK OCAGI,37.0242,37.3121,Bus Stop
1775,SELÄ°MÄ°YE 70.NOLU CAD.,37.0452,37.3451,Bus Stop
1776,GAZİLER MAHALLESİ İLKÖŞRETİM OKULU,37.0662,37.3781,Bus Stop
1778,FÄ°DAN Ä°NŞAAT,37.1082,37.4441,Bus Stop
1779,RAYALP APT.,37.1292,37.3271,Bus Stop
1780,EKO CAN YEM FABRÄ°KASI,37.0002,37.3601,Bus Stop
1781,OGUZELÄ° BÄ°M,37.0212,37.3931,Bus Stop
1783,KUNDURACILAR SÄ°TESÄ°,37.0632,37.3091,Bus Stop
1784,YAVUZ SULTAN SELÄ°M CAD.4,37.0842,37.3421,Bus Stop
1786,YÜKSELLER İNŞAAT,37.1262,37.4081,Bus Stop
1787,GÜLŞEN BATUR HALI SAHA,36.9972,37.4411,Bus Stop
1788,TÜFEKçİ YUSUF BLV. PTT,37.0182,37.3241,Bus Stop
1789,TÜRGEV KIZ ÖŞRENCİ YURDU 1,37.0392,37.3571,Bus Stop
1790,TÜRGEV KIZ ÖŞRENCİ YURDU 2,37.0602,37.3901,Bus Stop
1791,HÄ°LAL APT,37.0812,37.4231,Bus Stop
1793,FEN Ä°ŞLERÄ° GASKÄ° KARŞISI,37.1232,37.3391,Bus Stop
1794,FEN Ä°ŞLERÄ° GASKÄ°,36.9942,37.3721,Bus Stop
1795,GÜVENEVLER IŞIK APT.,37.0152,37.4051,Bus Stop
1797,MELEK APT.,37.0572,37.3211,Bus Stop
1798,KARATAŞ 2 UÄŞUR Ä°NŞAAT,37.0782,37.3541,Bus Stop
1799,EDÄ°Z Ä°NŞAAT,37.0992,37.3871,Bus Stop
1800,TÜRKİYE ODALAR BİRLİŞİ FEN LİSESİ,37.1202,37.4201,Bus Stop
1801,T.ODALAR BÄ°RLÄ°ÄŞÄ° FEN LÄ°SESÄ°,36.9912,37.3031,Bus Stop
1802,CÄ°TROEN SERVÄ°SÄ°,37.0122,37.3361,Bus Stop
1803,RÄ°TAŞ FABRÄ°KASI,37.0332,37.3691,Bus Stop
1804,ŞEHÄ°TLER CAMÄ°Ä° KARŞISI,37.0542,37.4021,Bus Stop
1805,ŞEHİTLER CAMİİ ÖNÜ,37.0752,37.4351,Bus Stop
1806,GAZÄ°LER MAHALLESÄ°,37.0962,37.3181,Bus Stop
1807,ŞEHÄ°TKAMÄ°L FEN Ä°ŞLERÄ°,37.1172,37.3511,Bus Stop
1808,AKTOPRAK JANDARMA,37.1382,37.3841,Bus Stop
1810,MAVÄ°KENT SANAYÄ° SÄ°TESÄ° YOLU,37.0302,37.4501,Bus Stop
1812,MAVİKENT İ.Ö:OKULU,37.0722,37.3661,Bus Stop
1813,DÄ°NLENME PARKI,37.0932,37.3991,Bus Stop
1815,ERÄ°KLÄ° MH.OTOYOL,37.1352,37.3151,Bus Stop
1816,ATARLAR BULGUR,37.0062,37.3481,Bus Stop
1818,ONKOLOJÄ° YOLU KIZILHÄ°SAR,37.0482,37.4141,Bus Stop
1820,OGUZELÄ° Ä°TFAÄ°YE,37.0902,37.3301,Bus Stop
1822,OGUZELÄ° MENDESES CAD,37.1322,37.3961,Bus Stop
1823,Ä°PEKEVLER 70 NOLU SK.,37.0032,37.4291,Bus Stop
1826,OGUZELÄ° FAVORÄ° MARKET,37.0662,37.3781,Bus Stop
1827,YEŞÄ°LDERE,37.0872,37.4111,Bus Stop
1828,OGUZELÄ° YATILI OKUL,37.1082,37.4441,Bus Stop
1829,GAZİLER MAH.çEVRE YOLU,37.1292,37.3271,Bus Stop
1830,IŞIKLI MAH.BALIK çİFTLİGİ,37.0002,37.3601,Bus Stop
1831,ATATÜRK MAH.POLAT SİTESİ,37.0212,37.3931,Bus Stop
1832,SEBZE HALÄ° 3.,37.0422,37.4261,Bus Stop
1833,SEBZE HALÄ° 4.,37.0632,37.3091,Bus Stop
1834,ŞANLIDERE CAD.,37.0842,37.3421,Bus Stop
1836,ŞEHİRGÖSTEREN MAH. 20 NOLU SK,37.1262,37.4081,Bus Stop
1838,YAKACAK PAZARI,37.0182,37.3241,Bus Stop
1842,SÜLEYMAN KAMçI CAD,37.1022,37.3061,Bus Stop
1844,YEŞÄ°L VADÄ° PARKI,36.9942,37.3721,Bus Stop
1845,1.NOLU KIRSAL TERMÄ°NAL,37.0152,37.4051,Bus Stop
1846,SEMBOL PARK Ä°NŞAAT,37.0362,37.4381,Bus Stop
1851,SAKARYA MAH.,36.9912,37.3031,Bus Stop
1852,YEŞİL VADİ KÖPRÜSÜ,37.0122,37.3361,Bus Stop
1853,YEŞİL VADİ KÖPÜSÜ,37.0332,37.3691,Bus Stop
1854,SEYRANTEPE EMLAK,37.0542,37.4021,Bus Stop
1855,ABDULHAMİT HAN İ.Ö.O.,37.0752,37.4351,Bus Stop
1858,KORUCAK MAH.,37.1382,37.3841,Bus Stop
1859,YAMAçOBA MAH.,37.0092,37.4171,Bus Stop
1860,SOFALICI MAH.2,37.0302,37.4501,Bus Stop
1861,KARATAŞ 424.NOLU CAD.,37.0512,37.3331,Bus Stop
1865,ESENTEPE SOSYAL TESÄ°SLERÄ°,37.1352,37.3151,Bus Stop
1866,YEŞÄ°LOVA KAVŞAK,37.0062,37.3481,Bus Stop
1867,NARLITEPE SON DURAK,37.0272,37.3811,Bus Stop
1869,HOŞGÖR KURANKURSU,37.0692,37.4471,Bus Stop
1870,Ä°MAMAZAM CAMÄ°Ä°,37.0902,37.3301,Bus Stop
1871,OGUZELİ FATİH İ.Ö.OKULU,37.1112,37.3631,Bus Stop
1872,BOSTANCI APARTMANI,37.1322,37.3961,Bus Stop
1873,KÖŞK APARTMANI,37.0032,37.4291,Bus Stop
1875,KOZLUCA MAH.,37.0452,37.3451,Bus Stop
1876,KÄ°LLÄ°K MAH.,37.0662,37.3781,Bus Stop
1877,FISTIKçILAR SİTESİ 3.,37.0872,37.4111,Bus Stop
1878,Ä°BNÄ°SÄ°NA MAH.3,37.1082,37.4441,Bus Stop
1879,SARISALKIM YOLU,37.1292,37.3271,Bus Stop
1880,ESKÄ° ŞAHÄ°NBEY BELEDÄ°YESÄ°,37.0002,37.3601,Bus Stop
1881,GÜVENEVLER 26.NOLU CAD.,37.0212,37.3931,Bus Stop
1882,400.NOLU CAD.,37.0422,37.4261,Bus Stop
1883,400.NOLU CAD.Ä°Ş BANKASI,37.0632,37.3091,Bus Stop
1884,KARATAŞ UZAY çATI,37.0842,37.3421,Bus Stop
1885,MAAŞ KUYU CAD. ŞÄ°RÄ°NEVLER,37.1052,37.3751,Bus Stop
1886,D.400 ADANA YOLU,37.1262,37.4081,Bus Stop
1887,KIZILHÄ°SAR YATILI OKUL,36.9972,37.4411,Bus Stop
1888,AYDINLAR MAH.SOSYAL TESÄ°SLER,37.0182,37.3241,Bus Stop
1889,MERÄ°NOS SÄ°TESÄ°,37.0392,37.3571,Bus Stop
1890,KARAYILAN CAD.1,37.0602,37.3901,Bus Stop
1891,KARAYILAN CAD.2,37.0812,37.4231,Bus Stop
1892,KARAYILAN CAD.3,37.1022,37.3061,Bus Stop
1893,29.NOLU CAD.,37.1232,37.3391,Bus Stop
1894,GAZÄ°KENT SON DURAK,36.9942,37.3721,Bus Stop
1896,52.NOLU SOKAK,37.0362,37.4381,Bus Stop
1898,BADEMCÄ° SOK.1,37.0782,37.3541,Bus Stop
1899,BADEMCÄ° SOK.2,37.0992,37.3871,Bus Stop
1900,BADEMCÄ° SOK.3,37.1202,37.4201,Bus Stop
1901,60 YIL 16.NOLU CAD.,36.9912,37.3031,Bus Stop
1902,YUKARIBAYIR 30.NOLU CAD.,37.0122,37.3361,Bus Stop
1903,MAHSUNÄ° ŞERÄ°F CAD.,37.0332,37.3691,Bus Stop
1904,MAVÄ°KENT SON DURAK,37.0542,37.4021,Bus Stop
1905,KAZIM KARABEKÄ°R SAGLIK OCAGI,37.0752,37.4351,Bus Stop
1907,ALİİHSAN GÖGÜŞ CADDESİ,37.1172,37.3511,Bus Stop
1909,KIZIL HİSAR YOL çATI,37.0092,37.4171,Bus Stop
1911,ZEUGMA MOZAİK MÜZESİ,37.0512,37.3331,Bus Stop
1912,LALE ZAR CAMÄ°Ä°,37.0722,37.3661,Bus Stop
1913,çAMLITEPE F.24*A,37.0932,37.3991,Bus Stop
1916,ALAçALI MAH.,37.0062,37.3481,Bus Stop
1917,DÜZBAYIR MAH.,37.0272,37.3811,Bus Stop
1918,TAŞLI MAH.,37.0482,37.4141,Bus Stop
1919,GÜVEçLİ MAH.,37.0692,37.4471,Bus Stop
1920,YUKARI GÜNEYSE MAH.,37.0902,37.3301,Bus Stop
1921,AYDINKAYA MAH.,37.1112,37.3631,Bus Stop
1922,CERÄ°TYENÄ°YAPAN MAH.,37.1322,37.3961,Bus Stop
1923,DURUKÖY MAH.,37.0032,37.4291,Bus Stop
1924,çAVUŞBAŞI MAH.,37.0242,37.3121,Bus Stop
1925,TÜZEL MAH.,37.0452,37.3451,Bus Stop
1926,BAYATLI MAH.,37.0662,37.3781,Bus Stop
1927,AMBARCIK MAH.,37.0872,37.4111,Bus Stop
1928,SEVÄ°NDÄ° MAH.,37.1082,37.4441,Bus Stop
1930,BÜYÜK KARACAÖREN MAH.,37.0002,37.3601,Bus Stop
1931,ASLANLI MAH.,37.0212,37.3931,Bus Stop
1932,Ä°NKILAP MAH.,37.0422,37.4261,Bus Stop
1933,ÜçKUBBE MAH.,37.0632,37.3091,Bus Stop
1934,DERO KÜçÜK KARACAVİRAN MAH.,37.0842,37.3421,Bus Stop
1935,ERMÄ°Ş MAH.,37.1052,37.3751,Bus Stop
1936,ASMACIK MAH.,37.1262,37.4081,Bus Stop
1937,HACIAÄŞA MAH.,36.9972,37.4411,Bus Stop
1938,DEMÄ°RKONAK MAH.,37.0182,37.3241,Bus Stop
1939,HÖTOŞLU MAH.,37.0392,37.3571,Bus Stop
1940,ALAHACI MAH.,37.0602,37.3901,Bus Stop
1941,DOÄŞANPINAR MAH.,37.0812,37.4231,Bus Stop
1942,UÄŞUROVA MAH,37.1022,37.3061,Bus Stop
1943,YAKACIK MAH.2,37.1232,37.3391,Bus Stop
1945,KARAYUSUFLU MAH.,37.0152,37.4051,Bus Stop
1946,GEDÄ°KKUYU MAH.,37.0362,37.4381,Bus Stop
1947,çANAKçI MAH.,37.0572,37.3211,Bus Stop
1948,FISTIKçILAR SİTESİ 4.,37.0782,37.3541,Bus Stop
1949,KIRATLI MAH.,37.0992,37.3871,Bus Stop
1950,YENÄ°YAZI MAH.,37.1202,37.4201,Bus Stop
1951,çEVRELİ MAH.,36.9912,37.3031,Bus Stop
1952,SARIKAYA MAH.1,37.0122,37.3361,Bus Stop
1953,SARIKAYA MAH.2,37.0332,37.3691,Bus Stop
1954,ORTAKLAR MAH.,37.0542,37.4021,Bus Stop
1955,çİFLİKKÖY MAH.1,37.0752,37.4351,Bus Stop
1956,ATALAR MAH.,37.0962,37.3181,Bus Stop
1958,Ä°BNÄ°SÄ°NA MAH.2,37.1382,37.3841,Bus Stop
1959,TOKDEMÄ°R MAH.2,37.0092,37.4171,Bus Stop
1960,AŞAÄŞIYENÄ°YAPAN MAH.,37.0302,37.4501,Bus Stop
1961,KAYALAR MAH.,37.0512,37.3331,Bus Stop
1962,KÖSELER MAH.,37.0722,37.3661,Bus Stop
1963,KAMIŞLI MAH,37.0932,37.3991,Bus Stop
1964,SARISALKIM CAMÄ°Ä°,37.1142,37.4321,Bus Stop
1965,ŞEHÄ°T BÄ°NBAŞI ARSLAN KULAKSIZ CADDESÄ°,37.1352,37.3151,Bus Stop
1966,CERGÄ°BOZANLAR,37.0062,37.3481,Bus Stop
1967,KUBA CAMÄ°Ä°,37.0272,37.3811,Bus Stop
1969,75.YIL MAH. 63 NOLU SK.,37.0692,37.4471,Bus Stop
1970,OÄŞUZELÄ° YOLU 3.,37.0902,37.3301,Bus Stop
1971,OÄŞUZELÄ° YOLU 4.,37.1112,37.3631,Bus Stop
1972,GÜZELVADİ MAH. 51 NOLU CAD.,37.1322,37.3961,Bus Stop
1973,BATALHÖYÜK MAH. 14 NOLU CAD.,37.0032,37.4291,Bus Stop
1974,Ä°BNÄ°SÄ°NA MAH.5,37.0242,37.3121,Bus Stop
1975,Ä°BNÄ°SÄ°NA MAH.6,37.0452,37.3451,Bus Stop
1976,SELÄ°MÄ°YE MAHALLESÄ° 69 NOLU CADDE,37.0662,37.3781,Bus Stop
1978,SELİMİYE MAHALLESİ UZAY çATI,37.1082,37.4441,Bus Stop
1980,280 NOLU CADDE,37.0002,37.3601,Bus Stop
1981,ŞAHÄ°NBEY TEMÄ°ZLÄ°K Ä°ŞLERÄ°,37.0212,37.3931,Bus Stop
1983,TÄ°TÄ°ZLER CADDESÄ° 3.,37.0632,37.3091,Bus Stop
1985,D 400 KARAYOLU BAŞPINAR,37.1052,37.3751,Bus Stop
1987,OÄŞUZELÄ° ALÄ° NAFAK CAD.,36.9972,37.4411,Bus Stop
1988,BATALHÖYÜK MAHALLESİ 14 NOLU CADDE,37.0182,37.3241,Bus Stop
1989,BURç YOLU 1,37.0392,37.3571,Bus Stop
1990,BURç YOLU 2,37.0602,37.3901,Bus Stop
1991,GÜNEYKENT OSKA PARK SİTESİ,37.0812,37.4231,Bus Stop
1993,YEŞÄ°LVADÄ° SÄ°TESÄ°,37.1232,37.3391,Bus Stop
1994,KÜRÜM MAH.,36.9942,37.3721,Bus Stop
1995,SAM MAH. GÄ°RÄ°ŞÄ°,37.0152,37.4051,Bus Stop
1996,DURNALIK MAH.MEZARLIK,37.0362,37.4381,Bus Stop
1997,KÖRKÜN MAH.8,37.0572,37.3211,Bus Stop
1998,ANTEPÄ°A 1,37.0782,37.3541,Bus Stop
1999,ANTEPÄ°A 2,37.0992,37.3871,Bus Stop
2000,GEYLANÄ° MAH. TOKÄ°,37.1202,37.4201,Bus Stop
2001,HACIFAKILI MAH.,36.9912,37.3031,Bus Stop
2002,KEçİLİ MAH.,37.0122,37.3361,Bus Stop
2003,KABACA AŞAç MAH.,37.0332,37.3691,Bus Stop
2004,GÜRBAŞAK MAH.,37.0542,37.4021,Bus Stop
2005,YEŞÄ°LKENT MAHALLESÄ°,37.0752,37.4351,Bus Stop
2006,RÜYA PLAZA,37.0962,37.3181,Bus Stop
2007,OSKA EVLERÄ° 2,37.1172,37.3511,Bus Stop
2008,ŞEHİT ÖMER FARUK POLAT CAD.,37.1382,37.3841,Bus Stop
2011,ERTUÄŞRULGAZÄ° MAHALLESÄ° PARK,37.0512,37.3331,Bus Stop
2013,SERÄ°NEVLER 82 NOLU CADDE,37.0932,37.3991,Bus Stop
2015,ERTUÄŞRULGAZÄ° MAHALLESÄ° MUHTARLIK,37.1352,37.3151,Bus Stop
2017,GÜZELVADİ PARKI,37.0272,37.3811,Bus Stop
2019,TRAKTÖRCÜLER SİTESİ,37.0692,37.4471,Bus Stop
2021,25 ARALIK SANAYÄ° SÄ°TESÄ°,37.1112,37.3631,Bus Stop
2023,ASİYE ZİLAN İ.Ö.OKULU,37.0032,37.4291,Bus Stop
2025,YAKACIK MAH.3,37.0452,37.3451,Bus Stop
2026,ŞEYH ŞAMÄ°L CAMÄ°Ä°,37.0662,37.3781,Bus Stop
2027,SERBEST BÖLGE,37.0872,37.4111,Bus Stop
2029,GAZÄ°LER MAHALLESÄ° 1,37.1292,37.3271,Bus Stop
2030,GAZÄ°LER MAHALLESÄ° 2,37.0002,37.3601,Bus Stop
2031,GAZÄ°LER MAHALLESÄ° 3,37.0212,37.3931,Bus Stop
2032,GAZÄ°LER MAHALLESÄ° FLORYA SÄ°TESÄ°,37.0422,37.4261,Bus Stop
2033,AKDERE MAHALLESÄ° 66 NOLU CADDE 1,37.0632,37.3091,Bus Stop
2034,AKDERE MAHALLESÄ° 66 NOLU CADDE 2,37.0842,37.3421,Bus Stop
2035,AKDERE MAHALLESÄ° 66 NOLU CADDE 3,37.1052,37.3751,Bus Stop
2036,AKDERE MAHALLESÄ° 66 NOLU CADDE 4,37.1262,37.4081,Bus Stop
2037,AKDERE İLK ÖŞRETİM OKULU,36.9972,37.4411,Bus Stop
2039,AKDERE MAHALLESÄ° 25 NOLU CADDE 1,37.0392,37.3571,Bus Stop
2040,AKDERE MAHALLESÄ° 25 NOLU CADDE 2,37.0602,37.3901,Bus Stop
2041,AKDERE MAHALLESÄ° 25 NOLU CADDE 3,37.0812,37.4231,Bus Stop
2042,AKDERE MAHALLESÄ° 25 NOLU CADDE 4,37.1022,37.3061,Bus Stop
2043,YEŞÄ°LVADÄ° BULVARI,37.1232,37.3391,Bus Stop
2045,GAZÄ°KONUTLARI,37.0152,37.4051,Bus Stop
2046,AKDERE MAHALLESÄ° MEYDAN,37.0362,37.4381,Bus Stop
2048,AKDERE MAHALLESÄ° PARK,37.0782,37.3541,Bus Stop
2050,ANKA HASTANESÄ°,37.1202,37.4201,Bus Stop
2051,YAVUZELÄ° YOLU AKPET PETROL,36.9912,37.3031,Bus Stop
2053,BEYKENT ORTAOKULU,37.0332,37.3691,Bus Stop
2055,ŞİRİNGÜL SİTESİ,37.0752,37.4351,Bus Stop
2057,BEYKENT UZAYçATI,37.1172,37.3511,Bus Stop
2058,Ä°KRA SÄ°TESÄ°,37.1382,37.3841,Bus Stop
2059,BEYKENT 1. ETAP C/8 BLOK,37.0092,37.4171,Bus Stop
2062,GÜNEŞ 1 NOLU CADDE,37.0722,37.3661,Bus Stop
2063,GÜNEŞ 160 NOLU CADDE 1,37.0932,37.3991,Bus Stop
2064,GÜNEŞ 160 NOLU CADDE 2,37.1142,37.4321,Bus Stop
2065,GÜNEŞ 160 NOLU CADDE 3,37.1352,37.3151,Bus Stop
2066,GÜNEŞ 160 NOLU CADDE 4,37.0062,37.3481,Bus Stop
2067,ERTUGRUL GAZÄ° MH.,37.0272,37.3811,Bus Stop
2068,YEŞÄ°L MAVÄ°KENT SÄ°TESÄ°,37.0482,37.4141,Bus Stop
2069,BEYKENT KORU EVLERÄ°,37.0692,37.4471,Bus Stop
2071,BÜLBÜLZADE MAHALLESİ,37.1112,37.3631,Bus Stop
2072,BEYKENT MAHALLESİ BÜFE,37.1322,37.3961,Bus Stop
2073,ÖZDEMİR BEY CADDESİ,37.0032,37.4291,Bus Stop
2074,TURGUT ÖZAL BULVARI 1,37.0242,37.3121,Bus Stop
2075,TURGUT ÖZAL BULVARI 2,37.0452,37.3451,Bus Stop
2076,ABDULKADÄ°R KONUKOÄŞLU CADDESÄ°,37.0662,37.3781,Bus Stop
2078,AMAç SİTESİ,37.1082,37.4441,Bus Stop
2079,TAŞLICA SOSYAL TESÄ°SLERÄ°,37.1292,37.3271,Bus Stop
2080,ERTUÄŞRUL GAZÄ° MAHALLESÄ° KAVŞAK,37.0002,37.3601,Bus Stop
2081,MÄ°RAC APT.,37.0212,37.3931,Bus Stop
2082,EKÄ°NCÄ° PETROL,37.0422,37.4261,Bus Stop
2084,OÄŞUZELÄ° MEZARLIK 2,37.0842,37.3421,Bus Stop
2085,OÄŞUZELÄ° MEZARLIK 3,37.1052,37.3751,Bus Stop
2086,BARAK MAHALLESÄ° 4 NOLU CADDE,37.1262,37.4081,Bus Stop
2087,BARAK İ.Ö.O. 1,36.9972,37.4411,Bus Stop
2088,BARAK İ.Ö.O. 2,37.0182,37.3241,Bus Stop
2089,SEVGÄ° SÄ°TESÄ°,37.0392,37.3571,Bus Stop
2090,BORYAL SÄ°TESÄ°,37.0602,37.3901,Bus Stop
2093,BÜLBÜLZADE MAHALLESİ PARK,37.1232,37.3391,Bus Stop
2095,KARACA AHMET KÜLTÜR MERKEZİ,37.0152,37.4051,Bus Stop
2097,KARACA AHMET MAH.KAVŞAK,37.0572,37.3211,Bus Stop
2099,KARCA AHMET MAH.MUHTARLIK,37.0992,37.3871,Bus Stop
2101,KARACA AHMET MAH.BÄ°M,36.9912,37.3031,Bus Stop
2103,OLCAY KÜLAH İ.Ö.OKULU,37.0332,37.3691,Bus Stop
2106,BÖLGE ADLİYESİ,37.0962,37.3181,Bus Stop
2107,75.YIL MAH.PARK,37.1172,37.3511,Bus Stop
2108,TUGAY,37.1382,37.3841,Bus Stop
2109,BEYKENT MAHALLESÄ°,37.0092,37.4171,Bus Stop
2111,BEDİRKÖY YOL çATI,37.0512,37.3331,Bus Stop
2112,BEDİRKÖY BAG EVLERİ,37.0722,37.3661,Bus Stop
2113,SUBOGAZ GÄ°RÄ°ŞÄ°,37.0932,37.3991,Bus Stop
2114,SUBOGAZ MEYDAN,37.1142,37.4321,Bus Stop
2115,KOZLUYAZI YOL çATI,37.1352,37.3151,Bus Stop
2116,BİLEK KÖYÜ MEZARLIK,37.0062,37.3481,Bus Stop
2117,ARIL JANDARMA,37.0272,37.3811,Bus Stop
2118,ARIL MEZARLIK,37.0482,37.4141,Bus Stop
2119,GAB GALVENÄ°Z,37.0692,37.4471,Bus Stop
2120,BÜYÜKPINAR YOL çATI,37.0902,37.3301,Bus Stop
2121,BÜYÜKPINAR MEYDAN,37.1112,37.3631,Bus Stop
2122,BÜYÜKPINAR çEŞME,37.1322,37.3961,Bus Stop
2123,BÜYÜKPINAR 15.NOLU SOK.,37.0032,37.4291,Bus Stop
2124,BÜYÜKPINAR VİLLALAR,37.0242,37.3121,Bus Stop
2125,ŞÄ°RÄ°NEVLER ORMAN,37.0452,37.3451,Bus Stop
2126,ONAT KUTLAR MEYDAN,37.0662,37.3781,Bus Stop
2127,GÜZEL YURT MAH.MUHTARLIK,37.0872,37.4111,Bus Stop
2128,GÜZEL YURT KONUTLARI,37.1082,37.4441,Bus Stop
2129,ÜçYÜZ EVLER TOKİ 1,37.1292,37.3271,Bus Stop
2130,ÜçYÜZ EVLER TOKİ 2,37.0002,37.3601,Bus Stop
2131,ÜçYÜZ EVLER TOKİ 3,37.0212,37.3931,Bus Stop
2134,HACI FEHMÄ° CAMÄ°Ä°,37.0842,37.3421,Bus Stop
2136,ESENTEPE MAHALLESÄ° 36 NOLU SK,37.1262,37.4081,Bus Stop
2138,ALTINOVA KONUTLARI,37.0182,37.3241,Bus Stop
2139,AKKENT PARKI,37.0392,37.3571,Bus Stop
2140,İSLAM BİLİMTEKNELOJİ ÜNÜVERSİTESİ,37.0602,37.3901,Bus Stop
2141,OSMAN GAZÄ° MAH.10.NOLU CAD.,37.0812,37.4231,Bus Stop
2143,AHMET ŞÄ°RECÄ° BULVARI,37.1232,37.3391,Bus Stop
2144,HACÄ°BABA MAH.MEYDAN,36.9942,37.3721,Bus Stop
2145,IŞIKLI MAH.MEYDAN,37.0152,37.4051,Bus Stop
2146,IŞIKLI MAH.BAKKAL,37.0362,37.4381,Bus Stop
2147,IŞIKLI MAH.SAGLIK OCAGI,37.0572,37.3211,Bus Stop
2148,KIZICAGÖL MAH.çİFTLİK,37.0782,37.3541,Bus Stop
2149,ÖGÜMSÖGÜT MAH.2,37.0992,37.3871,Bus Stop
2150,ÖGÜMSÖGÜT MAH.3,37.1202,37.4201,Bus Stop
2151,ÖGÜMSÖGÜT MAH.4,36.9912,37.3031,Bus Stop
2152,ÖGÜMSÖGÜT MAH.5,37.0122,37.3361,Bus Stop
2153,23.NÄ°SAN ORTA OKULU,37.0332,37.3691,Bus Stop
2155,YAVUZ SELİM ÖGRENCİ YURDU,37.0752,37.4351,Bus Stop
2156,KALYON STATYUMU,37.0962,37.3181,Bus Stop
2157,ULAŞ MH.74.NOLU SOK.,37.1172,37.3511,Bus Stop
2159,DOSLAR KRATHANESÄ°,37.0092,37.4171,Bus Stop
2160,FIRAT TUHAFÄ°YE,37.0302,37.4501,Bus Stop
2161,BEYHAN GÄ°YÄ°M,37.0512,37.3331,Bus Stop
2162,İMAM çOBAN İ.Ö.OKULU,37.0722,37.3661,Bus Stop
2164,YAKACIK KÖYÜ.3,37.1142,37.4321,Bus Stop
2165,112 çAGRI MERKEZİ,37.1352,37.3151,Bus Stop
2166,DÖŞ MAN,37.0062,37.3481,Bus Stop
2167,BURç YOLU,37.0272,37.3811,Bus Stop
2169,TEDAŞ,37.0692,37.4471,Bus Stop
2170,TERAS EVLER,37.0902,37.3301,Bus Stop
2171,SAFAŞEHÄ°R BARIŞ SÄ°TESÄ°,37.1112,37.3631,Bus Stop
2173,çAYBAŞI MAH.AK PINAR,37.0032,37.4291,Bus Stop
2174,HAYVAN PAZARI KAVŞAK,37.0242,37.3121,Bus Stop
2175,HAYVAN PAZARI BAŞKAYA MARKET,37.0452,37.3451,Bus Stop
2176,HAYVAN PAZARI çIKIŞ,37.0662,37.3781,Bus Stop
2177,HAYVAN PAZARI GÄ°RÄ°Ş,37.0872,37.4111,Bus Stop
2178,AYTEMÄ°Z PETROL,37.1082,37.4441,Bus Stop
2179,SEVER AVM.,37.1292,37.3271,Bus Stop
2180,SEYRANTEPE Ä°LKOKULU,37.0002,37.3601,Bus Stop
2182,ERUSLU CAMÄ°Ä°,37.0422,37.4261,Bus Stop
2184,DÜNDARLI KÖYÜ,37.0842,37.3421,Bus Stop
2185,KÖKSALAN KÖYÜ,37.1052,37.3751,Bus Stop
2186,SÜLÜKLÜ KÖYÜ,37.1262,37.4081,Bus Stop
2187,KARAKESEK KÖYÜ,36.9972,37.4411,Bus Stop
2188,GÜRSU MAH.1,37.0182,37.3241,Bus Stop
2190,GÜRSU MAH.2,37.0602,37.3901,Bus Stop
2192,GÜRSU MAH.3,37.1022,37.3061,Bus Stop
2194,YEŞÄ°LDERE MEYDAN,36.9942,37.3721,Bus Stop
2195,TURGUT ÖZAL BULVARI,37.0152,37.4051,Bus Stop
2196,BİLEK YÜZME HAVUZU,37.0362,37.4381,Bus Stop
2198,GAZÄ°LER MAH.FLORYA SÄ°TESÄ°,37.0782,37.3541,Bus Stop
2199,DEVEHÖYÜK KÖYÜ,37.0992,37.3871,Bus Stop
2200,KAYALIPINAR MEZRASI,37.1202,37.4201,Bus Stop
2201,YÖRELİ,36.9912,37.3031,Bus Stop
2202,KARAHÜSEYİNLİ,37.0122,37.3361,Bus Stop
2203,BAGTEPE,37.0332,37.3691,Bus Stop
2204,ŞENLÄ°KCE,37.0542,37.4021,Bus Stop
2205,GÜLPINAR,37.0752,37.4351,Bus Stop
2206,BEGENDÄ°K,37.0962,37.3181,Bus Stop
2207,KASABA,37.1172,37.3511,Bus Stop
2208,SÜLEYMAN OBASI,37.1382,37.3841,Bus Stop
2209,SARAYMAGARA,37.0092,37.4171,Bus Stop
2210,YUKARI KEKLÄ°K TEPE,37.0302,37.4501,Bus Stop
2211,AŞAGI KEKLÄ°K TEPE,37.0512,37.3331,Bus Stop
2212,HACIMALLI,37.0722,37.3661,Bus Stop
2213,GÖBEK,37.0932,37.3991,Bus Stop
2214,ÜçGÖL,37.1142,37.4321,Bus Stop
2215,DÜZCE,37.1352,37.3151,Bus Stop
2216,çİLTOPRAK,37.0062,37.3481,Bus Stop
2217,AŞAGI KAYABAŞ,37.0272,37.3811,Bus Stop
2218,YUKARI KAYABAŞ,37.0482,37.4141,Bus Stop
2219,AŞAGI YENİ KÖY,37.0692,37.4471,Bus Stop
2220,YUKARI YENİ KÖY,37.0902,37.3301,Bus Stop
2221,BÜLBÜL,37.1112,37.3631,Bus Stop
2222,ELMACIK,37.1322,37.3961,Bus Stop
2223,TOKAçLI,37.0032,37.4291,Bus Stop
2224,HAM OBASI,37.0242,37.3121,Bus Stop
2225,BURç GİRİŞİ,37.0452,37.3451,Bus Stop
2227,BEYKENT 4.NOLU CADDE,37.0872,37.4111,Bus Stop
2228,SELÄ°MÄ°YE MAH.74.NOLU CAD.,37.1082,37.4441,Bus Stop
2232,ŞEHÄ°R HASTANESÄ°,37.0422,37.4261,Bus Stop
2233,GAZÄ°LER MAH.YENÄ° TOKÄ° KONUTLARI,37.0632,37.3091,Bus Stop
2235,AKTOPRAK YOLU MUR ET,37.1052,37.3751,Bus Stop
2237,MAVÄ°KENT 3.ETAP SÄ°TESÄ°,36.9972,37.4411,Bus Stop
2239,GAZÄ°LER SÄ°TESÄ° PARK,37.0392,37.3571,Bus Stop
2241,BALLIK KÖYÜ,37.0812,37.4231,Bus Stop
2242,DEGİRMİTAŞ KÖYÜ,37.1022,37.3061,Bus Stop
2243,BAKIRCA KÖYÜ,37.1232,37.3391,Bus Stop
2244,SARIBUGDAY KÖYÜ,36.9942,37.3721,Bus Stop
2245,HALİLBAŞ KÖYÜ,37.0152,37.4051,Bus Stop
2247,SAFÄ°R KONAKLARI,37.0572,37.3211,Bus Stop
2249,HUMANIZLI MAH.Ä°MZA Ä°NŞAAT,37.0992,37.3871,Bus Stop
2250,HUMANIZLI MAH.MUHTARLIK,37.1202,37.4201,Bus Stop
2251,YAVUZELÄ° PTT,36.9912,37.3031,Bus Stop
2252,YAVUZELÄ° YILMAZLAR PETROL,37.0122,37.3361,Bus Stop
2254,çINARLI SİTESİ,37.0542,37.4021,Bus Stop
2255,MERVEŞEHÄ°R MAH.BÄ°M,37.0752,37.4351,Bus Stop
2258,ESKÄ° NÄ°ZÄ°P YOLU BAG EVLERÄ°,37.1382,37.3841,Bus Stop
2260,SERPÄ°L OKTAY KARA ORTA OKULU,37.0302,37.4501,Bus Stop
2263,YEŞÄ°LCE MAH.OKUL,37.0932,37.3991,Bus Stop
2264,TÜVTÜRK TAT PİLİç,37.1142,37.4321,Bus Stop
2266,SARIT MAH.3,37.0062,37.3481,Bus Stop
2267,SARIT MAH.4,37.0272,37.3811,Bus Stop
2268,SARIT MAH.2,37.0482,37.4141,Bus Stop
2269,SARIT MAH.6,37.0692,37.4471,Bus Stop
2270,SARIT MAH.7,37.0902,37.3301,Bus Stop
2271,SARIT MAH.8,37.1112,37.3631,Bus Stop
2272,SARIT MAH.1,37.1322,37.3961,Bus Stop
2273,KÖRKÜN MAH.3,37.0032,37.4291,Bus Stop
2274,KÖRKÜN MAH.4,37.0242,37.3121,Bus Stop
2276,ATATÜRK MAH.1081.NOLU CADDE,37.0662,37.3781,Bus Stop
2277,ATATÜRK MAH.1085.NOLU SOKAK,37.0872,37.4111,Bus Stop
2278,çİMENLİ MAH.,37.1082,37.4441,Bus Stop
2280,KARACABURç MAH.4,37.0002,37.3601,Bus Stop
2281,KARACABURç MAH.3,37.0212,37.3931,Bus Stop
2282,KARACABURç MAH.2,37.0422,37.4261,Bus Stop
2283,KARACABURç MAH.1,37.0632,37.3091,Bus Stop
2284,ERÄ°KLÄ° MAH.4,37.0842,37.3421,Bus Stop
2285,ERÄ°KLÄ° MAH.1,37.1052,37.3751,Bus Stop
2286,SAM MAH.MEYDAN,37.1262,37.4081,Bus Stop
2287,ŞAHÄ°NBEY ASFALT ŞANTÄ°YESÄ°,36.9972,37.4411,Bus Stop
2288,DUMLUPINAR ANADOLU LÄ°SESÄ°,37.0182,37.3241,Bus Stop
2290,HUMANIZLI MAH.MEYDAN,37.0602,37.3901,Bus Stop
2291,BÜLBÜLZADE ABDULLAH EDİP ORTA OKULU,37.0812,37.4231,Bus Stop
2292,ŞEHÄ°T BÄ°NBAŞI ALAN KULAKSIZ BLV.PARK,37.1022,37.3061,Bus Stop
2293,AK EMLAK,37.1232,37.3391,Bus Stop
2294,çAYBAŞI MAH.HAYVAN PAZARI YOLU 1.,36.9942,37.3721,Bus Stop
2295,çAYBAŞI MAH.HAYVAN PAZARI YOLU 2.,37.0152,37.4051,Bus Stop
2296,çAYBAŞI MAH.HAYVAN PAZARI YOLU 3.,37.0362,37.4381,Bus Stop
2297,BAYRAMLI MAH.GÄ°RÄ°Ş,37.0572,37.3211,Bus Stop
2298,BAYRAMLI MAH.UN DEGÄ°RMENÄ°,37.0782,37.3541,Bus Stop
2299,ABDULHAMÄ°T HAN MAH.KAVŞAK,37.0992,37.3871,Bus Stop
2301,GÜZELVADİ MAH.51.NOLU CADDE,36.9912,37.3031,Bus Stop
2302,KARACABURç LİSESİ,37.0122,37.3361,Bus Stop
2303,KARPUZKAYA MAH.,37.0332,37.3691,Bus Stop
2304,SERÄ°NTEPE MAH.,37.0542,37.4021,Bus Stop
2305,ÜçGÖZE MAH.,37.0752,37.4351,Bus Stop
2306,AŞAGI BOYNO MAH.,37.0962,37.3181,Bus Stop
2307,SARILAR MAH.,37.1172,37.3511,Bus Stop
2308,çAYBAŞI MAH.OKUL,37.1382,37.3841,Bus Stop
2309,ADIYAMAN YOLU D.850 KARA YOLU,37.0092,37.4171,Bus Stop
2311,BEYKENT SANAYÄ° KAVŞAGI,37.0512,37.3331,Bus Stop
2312,SATRANç PARKI,37.0722,37.3661,Bus Stop
2313,KUZEYŞEHÄ°R.1.,37.0932,37.3991,Bus Stop
2314,KUZEYŞEHÄ°R.2.,37.1142,37.4321,Bus Stop
2315,KUZEYŞEHÄ°R.3.,37.1352,37.3151,Bus Stop
2316,KUZEYŞEHÄ°R.4.,37.0062,37.3481,Bus Stop
2317,KUZEYŞEHÄ°R.5.,37.0272,37.3811,Bus Stop
2318,KUZEYŞEHÄ°R.6.,37.0482,37.4141,Bus Stop
2319,YAVUZELÄ° YOLU BAG EVLERÄ°,37.0692,37.4471,Bus Stop
2320,YAVYZELÄ° YOLU BAG EVLERÄ°,37.0902,37.3301,Bus Stop
2321,MAVÄ°KENT MAH.A 101,37.1112,37.3631,Bus Stop
2323,D.D.Y.LOJMANLARI,37.0032,37.4291,Bus Stop
2324,YAVUZELİ YOLU BEDİRKÖY,37.0242,37.3121,Bus Stop
2326,GÖKTÜRK MİR YAPI,37.0662,37.3781,Bus Stop
2327,FISTIKLIK MAH.,37.0872,37.4111,Bus Stop
2329,YAVUZELİ GÖçMEZ MAH.,37.1292,37.3271,Bus Stop
2330,YAVUZELÄ° KUZUYATAGI MAH.,37.0002,37.3601,Bus Stop
2331,YAVUZELÄ° SARILAR MAH.,37.0212,37.3931,Bus Stop
2333,BAHCEŞEHÄ°R KONUTLARI,37.0632,37.3091,Bus Stop
2334,MÄ°R YAPI,37.0842,37.3421,Bus Stop
2335,PARK ALPÄ°NA EVLERÄ°,37.1052,37.3751,Bus Stop
2336,MEHMET ZÄ°YLAN CAMÄ°Ä°,37.1262,37.4081,Bus Stop
2337,ŞEHÄ°T BÄ°NBAŞI ARSLAN KULAKSIZ CADDESÄ°.1,36.9972,37.4411,Bus Stop
2338,MAVÄ°KENT 2.SÄ°TESÄ°,37.0182,37.3241,Bus Stop
2339,FATÄ°H APT.,37.0392,37.3571,Bus Stop
2341,BOZOÄŞLANLAR MARKET,37.0812,37.4231,Bus Stop
2342,ÖZSÖYLER İNŞAAT,37.1022,37.3061,Bus Stop
2343,ABDULKADİR YÜKSEL PARKI,37.1232,37.3391,Bus Stop
2344,PERLÄ°KAYA TOKÄ° EVLERÄ°,36.9942,37.3721,Bus Stop
2345,PERLÄ°KAYA KAVŞAGI,37.0152,37.4051,Bus Stop
2346,RABÄ°A CAMÄ°Ä°,37.0362,37.4381,Bus Stop
2347,MAVÄ°KENT 5.ETAP C.3 BLOK,37.0572,37.3211,Bus Stop
2348,MAVÄ°KENT 5.ETAP A.13 BLOK,37.0782,37.3541,Bus Stop
2349,MAVÄ°KENT 4.ETAP B.4 BLOK,37.0992,37.3871,Bus Stop
2350,MAVÄ°KENT Ä°MAM HATÄ°P LÄ°SESÄ°,37.1202,37.4201,Bus Stop
2352,SAM MH.İ.Ö.OKULU,37.0122,37.3361,Bus Stop
2353,ŞAHÄ°NBEY SPOR SALONU,37.0332,37.3691,Bus Stop
2354,SAM MHAH.LÄ°SE,37.0542,37.4021,Bus Stop
2355,ŞEHÄ°T BÄ°NBAŞI ARSLAN KULAKSIZ BLV.,37.0752,37.4351,Bus Stop
2356,ORMAN YOLU.1,37.0962,37.3181,Bus Stop
2358,VADÄ° EVLERÄ°,37.1382,37.3841,Bus Stop
2359,TELEFERÄ°K PARKI,37.0092,37.4171,Bus Stop
2360,ALÄ°OÄŞLU PARK SÄ°TESÄ°,37.0302,37.4501,Bus Stop
2361,Kç.KIZILHİSAR MAH.MEZARLIK,37.0512,37.3331,Bus Stop
2363,BURç KALE,37.0932,37.3991,Bus Stop
2364,UGURLU KAPLICALARI,37.1142,37.4321,Bus Stop
2366,DURANTAŞ YOL çATI,37.0062,37.3481,Bus Stop
2367,BURç YOLU VİLLALAR,37.0272,37.3811,Bus Stop
2368,KÄ°LÄ°S YOLU AKÄ°F KUM,37.0482,37.4141,Bus Stop
2369,KÄ°LÄ°S YOLU AKASLAN PETROL,37.0692,37.4471,Bus Stop
2370,KAçAK AKARYAKIT DEPOSU,37.0902,37.3301,Bus Stop
2372,KOCATEPE MAH.,37.1322,37.3961,Bus Stop
2373,KARADEDE MAH.çİFTLİK,37.0032,37.4291,Bus Stop
2374,KARADEDE MAH.GÄ°RÄ°Ş,37.0242,37.3121,Bus Stop
2375,KARADEDE MAH.1,37.0452,37.3451,Bus Stop
2376,KARADEDE MAH.OKUL,37.0662,37.3781,Bus Stop
2377,YUNUS EMRE ANADOLU LÄ°SESÄ°,37.0872,37.4111,Bus Stop
2379,ALÄ° TABUR SÄ°TESÄ°,37.1292,37.3271,Bus Stop
2380,BURç İLK ORTA OKULU,37.0002,37.3601,Bus Stop
2382,BURç OKUL YOLU,37.0422,37.4261,Bus Stop
2384,BURç BEY KONAKLARI,37.0842,37.3421,Bus Stop
2386,SELçUK YAPI,37.1262,37.4081,Bus Stop
2388,ABDUL HAMÄ°T HAN AKTARMA SON DURAK,37.0182,37.3241,Bus Stop
2389,CEZAEVÄ° DOLMUŞLARI ESKÄ° SON DURAK,37.0392,37.3571,Bus Stop
2390,BEY MAR AVM,37.0602,37.3901,Bus Stop
2391,MEHMET ŞİMŞEK KÖPRÜLÜ KAVŞAK,37.0812,37.4231,Bus Stop
2392,YEŞİLVADİ BLV. YÜRÜYÜŞ PARKI,37.1022,37.3061,Bus Stop
2393,GÜNEY BİRLİK SİTESİ,37.1232,37.3391,Bus Stop
2394,LÄ°DER SÄ°TESÄ°,36.9942,37.3721,Bus Stop
2395,38.NOLU SOK.KAVŞAK,37.0152,37.4051,Bus Stop
2397,EMEK APT.,37.0572,37.3211,Bus Stop
2398,YAVUZELÄ° YOLU GAP GROSS,37.0782,37.3541,Bus Stop
2399,YAVUZELİ YOLU BEDİRKÖY OKUL,37.0992,37.3871,Bus Stop
2401,YAMACTEPE KONUTLARI,36.9912,37.3031,Bus Stop
2402,EKOCAN YEM FABRÄ°KASI,37.0122,37.3361,Bus Stop
2403,OGUZELÄ° YOLU VÄ°LLALAR,37.0332,37.3691,Bus Stop
2405,ERTUGRUL GAZÄ° MAH.KAVŞAK,37.0752,37.4351,Bus Stop
2406,GAP GROSS,37.0962,37.3181,Bus Stop
2408,BEDİRKENT YOL çATI 1.,37.1382,37.3841,Bus Stop
2410,KUZEYŞEHİR YOL çATI,37.0302,37.4501,Bus Stop
2412,ÖVÜNDÜK YOL çATI,37.0722,37.3661,Bus Stop
2413,YALONGOZ YOL çATI,37.0932,37.3991,Bus Stop
2414,SAçAKLI PARKI,37.1142,37.4321,Bus Stop
2415,çİMKO,37.1352,37.3151,Bus Stop
2417,NARLITEPE SOSYAL TESÄ°SLERÄ°,37.0272,37.3811,Bus Stop
2418,Ä°NCÄ°LÄ°KAYA MAH.2.NOLU CAD.,37.0482,37.4141,Bus Stop
2419,KARACAÖREN MAH.KÜME EVLERİ,37.0692,37.4471,Bus Stop
2420,KUZEYŞEHİR YOLU çİFTLİK,37.0902,37.3301,Bus Stop
2421,GÖKSÜNCÜK MAH.YOL çATI,37.1112,37.3631,Bus Stop
2422,ERSÄ°N ARSLAN SÄ°TESÄ°,37.1322,37.3961,Bus Stop
2424,DURANTAŞ MAH.BAG EVLERÄ°,37.0242,37.3121,Bus Stop
2425,KAHVELÄ°PINAR 44.NOLU CAD.,37.0452,37.3451,Bus Stop
2427,HÄ°LL PARK SÄ°TESÄ°,37.0872,37.4111,Bus Stop
2429,SANKO CAMÄ°Ä°,37.1292,37.3271,Bus Stop
2430,8.ŞUBAT MAH.50.NOLU CAD.,37.0002,37.3601,Bus Stop
2431,DEV KULELER SÄ°TESÄ°,37.0212,37.3931,Bus Stop
2432,ONKOLOJÄ° KAVŞAGI,37.0422,37.4261,Bus Stop
2433,BURç YOLU BAG EVLERİ,37.0632,37.3091,Bus Stop
2435,YENÄ° HUZUREVÄ° YOLU,37.1052,37.3751,Bus Stop
2437,TEKSTÄ°LKENT MAH.14.NOLU CAD.,36.9972,37.4411,Bus Stop
2439,ELİT PLAZA DÜGÜN SALONU,37.0392,37.3571,Bus Stop
2440,110.NOLU CAD.GÜLKENT TAKSİ DURAGI,37.0602,37.3901,Bus Stop
2442,110.NOLU CAD.PARK,37.1022,37.3061,Bus Stop
2444,ŞEHÄ°T ŞIHMEHMET PARKI,36.9942,37.3721,Bus Stop
2446,KUZEYŞEHÄ°R 3.ETAP 1.,37.0362,37.4381,Bus Stop
2447,KUZEYŞEHÄ°R 3.ETAP 2.,37.0572,37.3211,Bus Stop
2448,KUZEYŞEHÄ°R 4.ETAP 1.,37.0782,37.3541,Bus Stop
2449,KUZEYŞEHÄ°R 4.ETAP 2.,37.0992,37.3871,Bus Stop
2450,KUZEYŞEHÄ°R 3.ETAP 3.,37.1202,37.4201,Bus Stop
2451,KUZEYŞEHÄ°R 3.ETAP 4.,36.9912,37.3031,Bus Stop
2452,KUYEYŞEHİR KARACABURç YOLçATI,37.0122,37.3361,Bus Stop
2453,YAGDÖVER MAH.KÜME EVLERİ,37.0332,37.3691,Bus Stop
2455,ORMAN YOLU .2,37.0752,37.4351,Bus Stop
2456,NÄ°ZÄ°P YOLU AYTEMÄ°Z PETROL,37.0962,37.3181,Bus Stop
2457,ASM YAPI 1.,37.1172,37.3511,Bus Stop
2458,ASM YAPI 2.,37.1382,37.3841,Bus Stop
2460,SARI KONUTLAR 1.,37.0302,37.4501,Bus Stop
2461,SARI KONUTLAR 2.,37.0512,37.3331,Bus Stop
2462,TRAFÄ°K EGÄ°TÄ°M PARKI 1.,37.0722,37.3661,Bus Stop
2463,TRAFÄ°K EGÄ°TÄ°M PARKI 2.,37.0932,37.3991,Bus Stop
2464,Ä°L GROS MARKET 1.,37.1142,37.4321,Bus Stop
2465,Ä°L GROS MARKET 2.,37.1352,37.3151,Bus Stop
2466,VÄ°P GAYRÄ°MENKUL 1.,37.0062,37.3481,Bus Stop
2468,VÄ°TALÄ°NA HASTANESÄ° 1.,37.0482,37.4141,Bus Stop
2469,VÄ°TALÄ°NA HASTANESÄ° 2.,37.0692,37.4471,Bus Stop
2470,KUZEYŞEHÄ°R YOLU TAŞOCAGI,37.0902,37.3301,Bus Stop
2471,TURÄ°ZÄ°M VE UYGULAMA OTELÄ°,37.1112,37.3631,Bus Stop
2473,KARATAŞ CERGÄ°BOZANLAR,37.0032,37.4291,Bus Stop
2474,KARATAŞ 10.NOLU CAD.PARK,37.0242,37.3121,Bus Stop
2475,SERİNSE YOLU KÜME EVLER.1,37.0452,37.3451,Bus Stop
2476,SERİNCE YOLU KÜME EVLER.2,37.0662,37.3781,Bus Stop
2477,SERÄ°NCE YOLU KAVŞAK 1.,37.0872,37.4111,Bus Stop
2478,SERÄ°NCE YOLU KAVŞAK 2.,37.1082,37.4441,Bus Stop
2479,BURç YOLU CADDESİ 1.,37.1292,37.3271,Bus Stop
2480,BURç YOLU CADDESİ 2.,37.0002,37.3601,Bus Stop
2481,BURç YOLU CADDESİ ÖZEN EMLAK,37.0212,37.3931,Bus Stop
2483,çOBANOŞLU YEM,37.0632,37.3091,Bus Stop
2484,60.NOLU CAD.OYUN PARK,37.0842,37.3421,Bus Stop
2485,GÜNEŞ MAH.KAVŞAK,37.1052,37.3751,Bus Stop
2486,KIZILHÄ°SAR MAH.1.NOLU CAD.,37.1262,37.4081,Bus Stop
2487,GEYLANÄ° MAH.KAVŞAK,36.9972,37.4411,Bus Stop
2488,MALAZGÄ°RT MAH.DERÄ°CÄ°LER 1.,37.0182,37.3241,Bus Stop
2489,MALAZGÄ°RT MAH.DERÄ°CÄ°LER 2.,37.0392,37.3571,Bus Stop
2490,MALAZGÄ°RT MAH.PÄ°DE FIRINI,37.0602,37.3901,Bus Stop
2491,BURç KALE MAH.1.,37.0812,37.4231,Bus Stop
2492,AKPINAR MAH.1.,37.1022,37.3061,Bus Stop
2493,AKPINAR MAH.2.,37.1232,37.3391,Bus Stop
2494,AKPINAR MAH.3.,36.9942,37.3721,Bus Stop
2495,AKPINAR MAH.4.,37.0152,37.4051,Bus Stop
2496,KABARCIK MAH.KAVŞAK,37.0362,37.4381,Bus Stop
2497,SARIBAŞAK MAH.BAG EVLERÄ°,37.0572,37.3211,Bus Stop
2498,SARIBAŞAK MAH.1.,37.0782,37.3541,Bus Stop
2499,SARIBAŞAK MAH.2.,37.0992,37.3871,Bus Stop
2500,KUVEYT BLV.1.,37.1202,37.4201,Bus Stop
2501,KUVEYT BLV.2.,36.9912,37.3031,Bus Stop
2502,KARATAŞ ANADOLU LÄ°SESÄ°,37.0122,37.3361,Bus Stop
2504,RÜYA SİTESİ .1.,37.0542,37.4021,Bus Stop
2505,SARISALKIM TURAN EMLAK,37.0752,37.4351,Bus Stop
2506,SARISALKIM NEŞE ECZANESÄ°,37.0962,37.3181,Bus Stop
2507,SARISALKIM MEYDAN,37.1172,37.3511,Bus Stop
2508,SARISALKIM UNLU MAMÜLLERİ,37.1382,37.3841,Bus Stop
2510,YAMAçTEPE KÜME EVLERİ,37.0302,37.4501,Bus Stop
2511,SEYRANTEPE DG.BLOKLAR,37.0512,37.3331,Bus Stop
2512,NÄ°ZÄ°P GAZÄ°LER MAHALLESÄ°,37.0722,37.3661,Bus Stop
2513,YIGINLI MAH.GÄ°RÄ°Ş,37.0932,37.3991,Bus Stop
2514,YIGINLI MAH.KÜMEEVLERİ.1,37.1142,37.4321,Bus Stop
2515,YIGINLI MAH.VÄ°LLALAR,37.1352,37.3151,Bus Stop
2516,YIGINLI KONAKLI YOL çATI,37.0062,37.3481,Bus Stop
2517,KONAKLI MH.1.,37.0272,37.3811,Bus Stop
2518,KONAKLI MH.2.,37.0482,37.4141,Bus Stop
2519,KONAKLI MH.3.,37.0692,37.4471,Bus Stop
2520,Ä°NCESU MAH.GÄ°RÄ°Ş,37.0902,37.3301,Bus Stop
2522,AKCABURç MAH.1,37.1322,37.3961,Bus Stop
2523,AKCABURç MAH.2,37.0032,37.4291,Bus Stop
2524,AKCABURç MAH.3,37.0242,37.3121,Bus Stop
2525,AKCABURç MAH.4,37.0452,37.3451,Bus Stop
2526,AKCABURç MAH.5,37.0662,37.3781,Bus Stop
2527,AKCABURç MAH.6,37.0872,37.4111,Bus Stop
2528,AKCABURç MAH.7,37.1082,37.4441,Bus Stop
2529,TERKÄ°SÄ°N MAH.GÄ°RÄ°Ş,37.1292,37.3271,Bus Stop
2530,TERKÄ°SÄ°N MAH SAGLIKOCAGI,37.0002,37.3601,Bus Stop
2531,BAGLARBAŞI MAHY.3,37.0212,37.3931,Bus Stop
2532,BAGLARBAŞI MAHY.4,37.0422,37.4261,Bus Stop
2533,BAGLARBAŞI MAHY.5,37.0632,37.3091,Bus Stop
2534,çAYBAŞI MAH.YÜZME HAVUZU,37.0842,37.3421,Bus Stop
2535,çAYBAŞI MAH.GİRİŞ,37.1052,37.3751,Bus Stop
2536,çAYBAŞI MAH.HAYVAN PAZARI YOLU,37.1262,37.4081,Bus Stop
2537,çAYBAŞI MAH.çIKIŞ,36.9972,37.4411,Bus Stop
2538,BEDİRKÖY MAH.FİDANCILAR,37.0182,37.3241,Bus Stop
2540,PARK VADÄ° SÄ°TESÄ°,37.0602,37.3901,Bus Stop
2541,AYYILDIZ AP.,37.0812,37.4231,Bus Stop
2542,ŞANLI 11.AP.,37.1022,37.3061,Bus Stop
2543,MAKBULE MEHMET ALÄ° AYKARA Ä°LK OKULU,37.1232,37.3391,Bus Stop
2545,GÜNEYKENT.AND.LİSESİ,37.0152,37.4051,Bus Stop
2546,KARACAAHMET MAH.12.NOLU CAD.1,37.0362,37.4381,Bus Stop
2548,KARACAAHMET MAH.ADELET LOJMANLARI,37.0782,37.3541,Bus Stop
2550,KARACAAHMET MAH.YAŞAM SÄ°TESÄ°,37.1202,37.4201,Bus Stop
2551,KARACAAHMET MAH.25.NOLU CAD.,36.9912,37.3031,Bus Stop
2553,KARACAAHMET MAH.MERT APARTMANI,37.0332,37.3691,Bus Stop
2555,KARACAAHMET MAH.74.NOLU SOK.,37.0752,37.4351,Bus Stop
2556,OSMANLI MAH.KÖPRÜ,37.0962,37.3181,Bus Stop
2557,OSMANLI MAH.MARKET,37.1172,37.3511,Bus Stop
2558,KARACUN MAH.,37.1382,37.3841,Bus Stop
2559,ÖGÜMSÖGÜT MAH.6,37.0092,37.4171,Bus Stop
2560,BEŞTEPE MAH.ZNG.Ä°NŞAAT,37.0302,37.4501,Bus Stop
2561,BEŞTEPE MAH.FIRSAT AVM.,37.0512,37.3331,Bus Stop
2562,PETEK FLORYA SÄ°TESÄ°,37.0722,37.3661,Bus Stop
2563,Ä°PRAHÄ°M KAPLAN Ä°NŞAAT,37.0932,37.3991,Bus Stop
2564,BEŞTEPE İ.ÖG.OKULU,37.1142,37.4321,Bus Stop
2565,İSLAM BİLİM TEKNOLİJİSİ ÜNV.,37.1352,37.3151,Bus Stop
2567,BEŞTEPE TAVIR SÄ°TESÄ° 1.,37.0272,37.3811,Bus Stop
2568,ELÄ°F MAH.PARK,37.0482,37.4141,Bus Stop
2569,ELÄ°F MAH.MEYDAN,37.0692,37.4471,Bus Stop
2570,ELÄ°F MAH.CAMÄ°Ä°,37.0902,37.3301,Bus Stop
2571,ELÄ°F MAH.SAGLIKOCAGI,37.1112,37.3631,Bus Stop
2572,BÜYÜKKARAKUYU MAH.MEZARLIK,37.1322,37.3961,Bus Stop
2574,YAVUZELÄ° YOLU CEZAEVÄ° KAVŞAGI,37.0242,37.3121,Bus Stop
2576,ADLÄ°TIP KURUMU OKULLAR,37.0662,37.3781,Bus Stop
2577,CEBELER YOL çATI,37.0872,37.4111,Bus Stop
2580,çAMLICA MAH.TOKİLER,37.0002,37.3601,Bus Stop
2581,AYINTAP LÄ°SESÄ°,37.0212,37.3931,Bus Stop
2582,Ä°BNÄ°SÄ°NA MAH.RAMPA,37.0422,37.4261,Bus Stop
2584,Ä°BNÄ°SÄ°NA MAH.KAVŞAK,37.0842,37.3421,Bus Stop
2586,ŞEHRÄ° ORHAN SÄ°TESÄ°,37.1262,37.4081,Bus Stop
2588,TAYLAN KOLEJÄ°,37.0182,37.3241,Bus Stop
2589,DÄ°DE EVLERÄ°,37.0392,37.3571,Bus Stop
2590,27.CADDE SÄ°TESÄ°,37.0602,37.3901,Bus Stop
2591,YUNUSEMRE Ä°NŞAAT,37.0812,37.4231,Bus Stop
2592,TÜZEL İNŞAAT,37.1022,37.3061,Bus Stop
2593,MAVÄ°KENT RABÄ°A CAMÄ°Ä°,37.1232,37.3391,Bus Stop
2594,NAZAR SÜRÜCÜ KURSU,36.9942,37.3721,Bus Stop
2595,KARATAŞ KURAN KURSU,37.0152,37.4051,Bus Stop
2596,RÜYA SİTESİ.3,37.0362,37.4381,Bus Stop
2597,Ä°NCESU MAH.CAMÄ°Ä°,37.0572,37.3211,Bus Stop
2598,FISTIKLI MAH.A.101,37.0782,37.3541,Bus Stop
2599,KUZEYŞEHÄ°R 1.ETAP PARK,37.0992,37.3871,Bus Stop
2601,KUZEYŞEHÄ°R SOSYAL TESÄ°SLERÄ°,36.9912,37.3031,Bus Stop
2603,KUZEYŞEHÄ°R 3.ETAP KAVŞAK,37.0332,37.3691,Bus Stop
2605,BÄ°NALÄ° YILDIRIM ORTA OKULU,37.0752,37.4351,Bus Stop
2607,KUZEYŞEHÄ°R 6.ETAP,37.1172,37.3511,Bus Stop
2609,KUZEYŞEHÄ°R GÄ°RÄ°Ş,37.0092,37.4171,Bus Stop
2610,HASAN SEVER Ä°NŞAAT,37.0302,37.4501,Bus Stop
2611,SEYRÄ° ŞEHÄ°R SÄ°TESÄ°,37.0512,37.3331,Bus Stop
2613,MERT GÜLLÜOGLU İNŞAAT,37.0932,37.3991,Bus Stop
2614,SARISALKIM ÖGÜMSÖGÜT YOLU,37.1142,37.4321,Bus Stop
2615,SARISALKIM VÄ°LLALAR,37.1352,37.3151,Bus Stop
2616,SARISALKIM MERMER ATÖLYESİ,37.0062,37.3481,Bus Stop
2617,AYYILDIZ MAH.,37.0272,37.3811,Bus Stop
2618,BALABAN MAH.,37.0482,37.4141,Bus Stop
2619,ALAGÖZ MAH.,37.0692,37.4471,Bus Stop
2620,ÖNCÜLER MAH.,37.0902,37.3301,Bus Stop
2621,YAZIR MAH.,37.1112,37.3631,Bus Stop
2622,HÄ°SAR MAH.,37.1322,37.3961,Bus Stop
2623,ALPASLAN MAH.FIRAT TAKSÄ°,37.0032,37.4291,Bus Stop
2624,ALPARSLAN MH.MELÄ°SA APARTMANI,37.0242,37.3121,Bus Stop
2625,ALPARSLAN MH.KENT PARK APARTMANI,37.0452,37.3451,Bus Stop
2626,ALPARSLAN MH.TAHÄ°R MERAL Ä°NŞAAT,37.0662,37.3781,Bus Stop
2627,ALPARSLAN MAH.TURKUAZ Ä°NŞAAT,37.0872,37.4111,Bus Stop
2630,VALÄ° ALÄ° YERLÄ°KAYA AND.LÄ°SESÄ°,37.0002,37.3601,Bus Stop
2631,MELÄ°SA APARTMANI,37.0212,37.3931,Bus Stop
2632,DURAKLI MAH.1,37.0422,37.4261,Bus Stop
2633,DURAKLI MAH.2,37.0632,37.3091,Bus Stop
2634,KARAYOLLARI DENETÄ°M Ä°STASYONU,37.0842,37.3421,Bus Stop
2635,ZELÄ°HA ZÄ°YLAN KIZ AND. LÄ°SESÄ°,37.1052,37.3751,Bus Stop
2636,GENTAŞ PARK EVLERÄ°,37.1262,37.4081,Bus Stop
2638,İNCESU MAH.KÖPRÜ,37.0182,37.3241,Bus Stop
2639,GÜZELDERE AND.LİSESİ,37.0392,37.3571,Bus Stop
2640,KUZEYŞEHÄ°R 7.ETAP,37.0602,37.3901,Bus Stop
2642,YEŞÄ°LVADÄ° KAPALI PAZAR YERÄ°,37.1022,37.3061,Bus Stop
2644,YEŞÄ°LVADÄ° POLÄ°S MERKEZÄ°,36.9942,37.3721,Bus Stop
2646,ŞHT.SERDAR GÖREN ORT.OKULU,37.0362,37.4381,Bus Stop
2648,ŞAHÄ°NBEY ANADOLU HASTANESÄ°,37.0782,37.3541,Bus Stop
2650,KUZEYŞEHÄ°R 6.ETAP 3.,37.1202,37.4201,Bus Stop
2651,KUZEYŞEHÄ°R 6.ETAP 4.,36.9912,37.3031,Bus Stop
2652,KUZEYŞEHÄ°R 6.ETAP 5.,37.0122,37.3361,Bus Stop
2653,KUZEYŞEHÄ°R 6.ETAP 6.,37.0332,37.3691,Bus Stop
2654,KUZEYŞEHÄ°R 6.ETAP 7.,37.0542,37.4021,Bus Stop
2655,YALANGOZ MAH.1,37.0752,37.4351,Bus Stop
2656,YALANGOZ MAH.2,37.0962,37.3181,Bus Stop
2657,YALANGOZ MAH.3,37.1172,37.3511,Bus Stop
2659,İNCESU MAH.KÜME EVLER,37.0092,37.4171,Bus Stop
2660,İNCESU AKCABURç YOLU.1,37.0302,37.4501,Bus Stop
2661,İNCESU AKCABURç YOLU.2,37.0512,37.3331,Bus Stop
2662,İNCESU AKCABURç YOLU.3,37.0722,37.3661,Bus Stop
2663,HUMANIZLI MAH.TAŞLICA YOLU,37.0932,37.3991,Bus Stop
2664,HUMANIZLI MAH.AKÄ°DE SÄ°TESÄ°,37.1142,37.4321,Bus Stop
2665,HUMANIZLI MAH.FATÄ°H EMLAK,37.1352,37.3151,Bus Stop
2666,SALKIM MAH.OKUL,37.0062,37.3481,Bus Stop
2667,YEŞÄ°LKENT MAH.MARKET,37.0272,37.3811,Bus Stop
2668,ÜLKERLİ MAH.SON DURAK,37.0482,37.4141,Bus Stop
2669,YEŞİLKENT MAH.çIKIŞ,37.0692,37.4471,Bus Stop
2671,ZÜLFÜKAR MAH.KÜME EVLER,37.1112,37.3631,Bus Stop
2673,SOFT GONCA SÄ°TESÄ°,37.0032,37.4291,Bus Stop
2674,KIZIK HAMURKESEN MAH.GÄ°RÄ°Ş,37.0242,37.3121,Bus Stop
2675,KIZIK HAMURKESEN MAH.OKUL,37.0452,37.3451,Bus Stop
2676,MEHMET OBASI MAH.,37.0662,37.3781,Bus Stop
2678,KOCATEPE MAH.KÜME EVLER,37.1082,37.4441,Bus Stop
2680,NÄ°ZÄ°P YOLU AS.27.PETROL,37.0002,37.3601,Bus Stop
2681,MAVÄ°KENT SEMT PAZARI,37.0212,37.3931,Bus Stop
2683,NATUREL PARK SÄ°TESÄ°,37.0632,37.3091,Bus Stop
2684,TÄ°VOLÄ° PARK SÄ°TESÄ°,37.0842,37.3421,Bus Stop
2686,DOGA PARK SÄ°TESÄ°,37.1262,37.4081,Bus Stop
2687,GÖKKUŞAGI VİLLALARI,36.9972,37.4411,Bus Stop
2689,ASMALI BAG KONAKLARI,37.0392,37.3571,Bus Stop
2691,BÜYÜKŞAHİNBEY MEZARLIK,37.0812,37.4231,Bus Stop
2693,ASILZADE VÄ°LLALARI,37.1232,37.3391,Bus Stop
2695,MCB VÄ°LLALARI,37.0152,37.4051,Bus Stop
2697,REYYAN SÄ°Ä°TESÄ°,37.0572,37.3211,Bus Stop
2699,HAVUZLU VÄ°LLALARI,37.0992,37.3871,Bus Stop
2701,YEŞİLKENT MAH.KÜME EVLERİ,36.9912,37.3031,Bus Stop
2704,ELÄ°F MAH.,37.0542,37.4021,Bus Stop
2706,DURAKLI MAH.3,37.0962,37.3181,Bus Stop
2707,KUYUCAK CAD.,37.1172,37.3511,Bus Stop
2709,YUVACIK DUMANLAR MAH.1.,37.0092,37.4171,Bus Stop
2710,YUVACIK DUMANLAR MAH 2.,37.0302,37.4501,Bus Stop
2711,NİZİP KARABURç MAH,37.0512,37.3331,Bus Stop
2712,NÄ°ZÄ°P KARAMEZRA MAH.,37.0722,37.3661,Bus Stop
2713,NÄ°ZÄ°P ŞIHHASAN MAH.,37.0932,37.3991,Bus Stop
2714,HAKKI ORHAN Ä°NŞAAT,37.1142,37.4321,Bus Stop
2716,YAGMUR APT.,37.0062,37.3481,Bus Stop
2718,ŞHT.EJDER YILMAZ SOK.,37.0482,37.4141,Bus Stop
2719,BEŞTEPE MAH.SAGLIK OCAGI,37.0692,37.4471,Bus Stop
2720,VALİ MUAMMER GÜLER BLV.1,37.0902,37.3301,Bus Stop
2721,VALİ MUAMMER GÜLER BLV.2,37.1112,37.3631,Bus Stop
2722,VALİ MUAMMER GÜLER BLV.3,37.1322,37.3961,Bus Stop
2723,VALİ MUAMMER GÜLER BLV.4,37.0032,37.4291,Bus Stop
2724,ATA Ä°Ş MERKEZÄ°,37.0242,37.3121,Bus Stop
2725,SAFAŞEHİR SÜZER LOJİSTİK,37.0452,37.3451,Bus Stop
2727,SAFÄ°RPARK 2.ETAP,37.0872,37.4111,Bus Stop
2728,MUHACÄ°ROSMAN MAH.MEYDAN,37.1082,37.4441,Bus Stop
2729,MUHACÄ°ROSMAN MAH.GÄ°RÄ°Ş,37.1292,37.3271,Bus Stop
2730,BEŞTEPE TAVIR SÄ°TESÄ°,37.0002,37.3601,Bus Stop
2731,MAVİKENT GÜNSEV 9.SİTESİ,37.0212,37.3931,Bus Stop
2733,MAVÄ°KENT BAÄŞLARBAŞI YOLU,37.0632,37.3091,Bus Stop
2734,BAGLARBAŞI MAH.çIKIŞ,37.0842,37.3421,Bus Stop
2735,GÜMÜŞTEKİN MAH.BİM,37.1052,37.3751,Bus Stop
2736,GENEYÄ°K MAH.MEZARLIK,37.1262,37.4081,Bus Stop
2737,çİMENLİ MAH.OKUL,36.9972,37.4411,Bus Stop
2739,TEKÄ°STÄ°LKENT MAH.GÄ°RÄ°Ş,37.0392,37.3571,Bus Stop
2740,BOSTANCIK YOLU,37.0602,37.3901,Bus Stop
2741,DEREDÜZÜ MAH.SARIT YOLU,37.0812,37.4231,Bus Stop
2742,DEREDÜZÜ MAH.MEYDAN,37.1022,37.3061,Bus Stop
2743,YEŞİLKÖY MAH. SU ARITMA,37.1232,37.3391,Bus Stop
2745,ZEYTİNLİ MAH.YAGDÖVER YOLU.2,37.0152,37.4051,Bus Stop
2746,KÖKSALAN MAH.MEYDAN,37.0362,37.4381,Bus Stop
2747,BAÄŞBAŞI MAH.,37.0572,37.3211,Bus Stop
2748,KÖRALİLER SARITEPE MAH.,37.0782,37.3541,Bus Stop
2749,çAYBEYİ MAH.,37.0992,37.3871,Bus Stop
2750,AKCAMEZRA MAH.,37.1202,37.4201,Bus Stop
2751,CUMHURÄ°YET MAH.,36.9912,37.3031,Bus Stop
2752,YAŞAMPARK SÄ°TESÄ°,37.0122,37.3361,Bus Stop
2753,GAHÄ°P HALICILIK VE DIŞTÄ°CARET LÄ°SESÄ°,37.0332,37.3691,Bus Stop
2754,HAYRULLAH GÖLBAŞI AND.LİSESİ,37.0542,37.4021,Bus Stop
2755,EDASSA APT.,37.0752,37.4351,Bus Stop
2756,İPRAGAZ TÜP DOLUM TESİSLERİ,37.0962,37.3181,Bus Stop
2757,SÄ°STEMLÄ° HAYAT YAPI SÄ°TESÄ°,37.1172,37.3511,Bus Stop
2758,ABDULKADİR GÖGÜŞ OKULU,37.1382,37.3841,Bus Stop
2759,MELEK KONUTLARI,37.0092,37.4171,Bus Stop
2760,GÖKTÜRK DÜLÜK YOLU,37.0302,37.4501,Bus Stop
2761,GÖKTÜRK DÜLÜK YOLU SON DURAK,37.0512,37.3331,Bus Stop
2762,KUDÄ°S SÄ°TESÄ° 1.,37.0722,37.3661,Bus Stop
2763,GAPYAZICI UNLU MAMÜLLERİ,37.0932,37.3991,Bus Stop
2764,KUDÄ°S SÄ°TESÄ° 2.,37.1142,37.4321,Bus Stop
2765,ASOSMER Ä°NŞAT,37.1352,37.3151,Bus Stop
2767,Ä°SABET OKULLARI,37.0272,37.3811,Bus Stop
2770,çAGDAŞ MAH.16.NOLU CAD.KÖŞE,37.0902,37.3301,Bus Stop
2771,ADÄ°LSANÄ° KONUKOÄŞLU SÄ°POR LÄ°SESÄ°,37.1112,37.3631,Bus Stop
2774,ŞEHİRGÖSTEREN ÜST GEçİT,37.0242,37.3121,Bus Stop
2775,CEBELER MAH.OKUL,37.0452,37.3451,Bus Stop
2776,CEBELER YOLU 1.,37.0662,37.3781,Bus Stop
2777,BEŞKUYU MAH.CAMÄ°,37.0872,37.4111,Bus Stop
2778,BÜYÜKKARAKUYU MAH.,37.1082,37.4441,Bus Stop
2779,BATTAL MAH.MEYDAN,37.1292,37.3271,Bus Stop
2780,AŞAGIARIL MAH.KAVŞAK,37.0002,37.3601,Bus Stop
2781,SEKİLİ MAH.çEŞME,37.0212,37.3931,Bus Stop
2782,BÄ°LEK MAH.MEYDAN,37.0422,37.4261,Bus Stop
2783,OSB.1.NOLU DURAK,37.0632,37.3091,Bus Stop
2784,OSB.2.NOLU DURAK,37.0842,37.3421,Bus Stop
2785,OSB.3.NOLU DURAK,37.1052,37.3751,Bus Stop
2786,OSB.4.NOLU DURAK,37.1262,37.4081,Bus Stop
2787,OSB.5.NOLU DURAK,36.9972,37.4411,Bus Stop
2788,OSB.6.NOLU DURAK,37.0182,37.3241,Bus Stop
2789,OSB.7.NOLU DURAK,37.0392,37.3571,Bus Stop
2790,OSB.8.NOLU DURAK,37.0602,37.3901,Bus Stop
2791,OSB.9.NOLU DURAK,37.0812,37.4231,Bus Stop
2792,OSB.10.NOLU DURAK,37.1022,37.3061,Bus Stop
2793,OSB.11.NOLU DURAK,37.1232,37.3391,Bus Stop
2794,OSB.12.NOLU DURAK,36.9942,37.3721,Bus Stop
2795,OSB.13.NOLU DURAK,37.0152,37.4051,Bus Stop
2796,OSB.14.NOLU DURAK,37.0362,37.4381,Bus Stop
2797,OSB.15.NOLU DURAK,37.0572,37.3211,Bus Stop
2798,OSB.16.NOLU DURAK,37.0782,37.3541,Bus Stop
2799,BEYKENT OSB 59.NOLU DURAK,37.0992,37.3871,Bus Stop
2800,OSB.17.NOLU DURAK,37.1202,37.4201,Bus Stop
2801,OSB.18.NOLU DURAK,36.9912,37.3031,Bus Stop
2802,OSB.19.NOLU DURAK,37.0122,37.3361,Bus Stop
2803,OSB.20.NOLU DURAK,37.0332,37.3691,Bus Stop
2804,OSB.21.NOLU DURAK,37.0542,37.4021,Bus Stop
2805,OSB.22.NOLU DURAK,37.0752,37.4351,Bus Stop
2806,OSB.23.NOLU DURAK,37.0962,37.3181,Bus Stop
2807,OSB.24.NOLU DURAK,37.1172,37.3511,Bus Stop
2808,OSB.25.NOLU DURAK,37.1382,37.3841,Bus Stop
2809,OSB.26.NOLU DURAK,37.0092,37.4171,Bus Stop
2810,OSB.27.NOLU DURAK,37.0302,37.4501,Bus Stop
2811,OSB.28.NOLU DURAK,37.0512,37.3331,Bus Stop
2812,OSB.29.NOLU DURAK,37.0722,37.3661,Bus Stop
2813,OSB.30.NOLU DURAK,37.0932,37.3991,Bus Stop
2814,OSB.31.NOLU DURAK,37.1142,37.4321,Bus Stop
2815,OSB.32.NOLU DURAK,37.1352,37.3151,Bus Stop
2816,OSB.33.NOLU DURAK,37.0062,37.3481,Bus Stop
2817,OSB.34.NOLU DURAK,37.0272,37.3811,Bus Stop
2818,OSB.35.NOLU DURAK,37.0482,37.4141,Bus Stop
2819,OSB.38.NOLU DURAK,37.0692,37.4471,Bus Stop
2820,OSB.39.NOLU DURAK,37.0902,37.3301,Bus Stop
2821,OSB.40.NOLU DURAK,37.1112,37.3631,Bus Stop
2822,OSB.41.NOLU DURAK,37.1322,37.3961,Bus Stop
2823,OSB.44.NOLU DURAK,37.0032,37.4291,Bus Stop
2824,OSB.45.NOLU DURAK,37.0242,37.3121,Bus Stop
2825,OSB.46.NOLU DURAK,37.0452,37.3451,Bus Stop
2826,OSB.47.NOLU DURAK,37.0662,37.3781,Bus Stop
2827,OSB.48.NOLU DURAK,37.0872,37.4111,Bus Stop
2828,BEYKENT OSB.49.NOLU DURAK,37.1082,37.4441,Bus Stop
2829,BEYKENT OSB.50.NOLU DURAK,37.1292,37.3271,Bus Stop
2830,BEYKENT OSB.51.NOLU DURAK,37.0002,37.3601,Bus Stop
2831,BEYKENT OSB.52.NOLU DURAK,37.0212,37.3931,Bus Stop
2832,BEYKENT OSB.53.NOLU DURAK,37.0422,37.4261,Bus Stop
2833,BEYKENT OSB.54.NOLU DURAK,37.0632,37.3091,Bus Stop
2834,BEYKENT OSB.55.NOLU DURAK,37.0842,37.3421,Bus Stop
2835,BEYKENT OSB.56.NOLU DURAK,37.1052,37.3751,Bus Stop
2836,BEYKENT OSB.57.NOLU DURAK,37.1262,37.4081,Bus Stop
2837,BEYLERBEYİ KÖPRÜLÜ KAVŞAK,36.9972,37.4411,Bus Stop
2839,ALPASLAN MAH.KAVŞAK,37.0392,37.3571,Bus Stop
2840,KALYON STATYUMU GÄ°RÄ°Ş,37.0602,37.3901,Bus Stop
2841,KIPRIS MAH.MEYDAN PARKI,37.0812,37.4231,Bus Stop
2842,GAZÄ°LER MAH.BÄ°M,37.1022,37.3061,Bus Stop
2843,YUKARI Ä°MOLAR GÄ°RÄ°Ş,37.1232,37.3391,Bus Stop
2844,GÜLLÜCE MAH.HZ.AİŞE CAMİİ,36.9942,37.3721,Bus Stop
2845,MÄ°LLET CAMÄ°Ä° 1.NOLU DURAK,37.0152,37.4051,Bus Stop
2846,MÄ°LLET CAMÄ°Ä° 2.NOLU DURAK,37.0362,37.4381,Bus Stop
2847,MÄ°LLET CAMÄ°Ä° 3.NOLU DURAK,37.0572,37.3211,Bus Stop
2848,MÄ°LLET CAMÄ°Ä° 4.NOLU DURAK,37.0782,37.3541,Bus Stop
2849,ALPARSLAN MAH.FRAT TAKSÄ°,37.0992,37.3871,Bus Stop
2850,çAMURLU MAH.MEZARLIK,37.1202,37.4201,Bus Stop
2852,ZEYTÄ°NLÄ° MAH.SOSYAL TESÄ°SLERÄ°,37.0122,37.3361,Bus Stop
2853,ZEYTİNLİ MAH.YAGDÖVER YOLU,37.0332,37.3691,Bus Stop
2854,ZEYTİNLİ MAH.YAGDÖVER YOLU.1,37.0542,37.4021,Bus Stop
2855,ŞAHİNBEY MÜLK MAH.MEZARLIK,37.0752,37.4351,Bus Stop
2856,CEBELER YOLU 2.,37.0962,37.3181,Bus Stop
2857,GÜZELBAHçE SİTESİ,37.1172,37.3511,Bus Stop
2858,SÜLEYMAN OBASI YOL çATI,37.1382,37.3841,Bus Stop
2859,YIGIMLI MAH.ARKET,37.0092,37.4171,Bus Stop
2860,KONAKLI MAH.,37.0302,37.4501,Bus Stop
2861,HACIMALLI MAH.SOSYALTESÄ°SLERÄ°,37.0512,37.3331,Bus Stop
2862,DAYIDAGI MAH.OKUL,37.0722,37.3661,Bus Stop
2863,ÖGÜMSÖGÜT MAH.MEZARLIK,37.0932,37.3991,Bus Stop
2865,ULUYATIR MAH.DEREKENARI,37.1352,37.3151,Bus Stop
2866,DAMLACIK MAH.GÄ°RÄ°Ş,37.0062,37.3481,Bus Stop
2867,KARAMAN MAH,37.0272,37.3811,Bus Stop
2868,IŞIKLI YOLU,37.0482,37.4141,Bus Stop
2869,IŞIKLI YOLU BAGEVLERÄ°,37.0692,37.4471,Bus Stop
2870,SOFDAGI VÄ°LLALAR,37.0902,37.3301,Bus Stop
2871,SOFALICI MAH. YAYLAEVLERÄ°,37.1112,37.3631,Bus Stop
2872,SARIKAYA MAH 3.,37.1322,37.3961,Bus Stop
2873,KAVŞAK MAH.GÄ°RÄ°Ş,37.0032,37.4291,Bus Stop
2874,DOKUR MAH.MEYDAN,37.0242,37.3121,Bus Stop
